kind	wording	used	in the second site	other wording	used	in the second site
hymn	ao pai e ao seu único também com o espírito	50	no	ao pai e ao unigênito também com o espírito	114	yes
ant	essa tua saudação a minh alma perturbou se serei	112	yes	essa tua saudação a minha alma perturbou se serei	46	no
canticle	os humildes exaltou 53 saciou de bens os famintos	4	no	os humildes exaltou 53 de bens saciou os	128	yes
canticle	53 saciou de bens os famintos e despediu	4	no	exaltou 53 de bens saciou os famintos e despediu	128	yes
canticle	49 o poderoso fez em mim maravilhas e santo	128	no	49 o poderoso fez por mim maravilhas e santo	4	yes
canticle	no senhor 46 a minh alma engrandece o senhor	128	no	no senhor 46 a minha alma engrandece ao senhor	1	yes
canticle	a minh alma engrandece o senhor 47 e se	128	no	a minha alma engrandece ao senhor 47 e se	1	yes
ant	de penitência de conversão e de salvação	13	no	de penitência de conversão de salvação	64	yes
canticle	senhor deus de israel porque a seu povo visitou	72	yes	senhor deus de israel que a seu povo visitou	5	no
canticle	os nossos passos guiando os no caminho da paz	72	yes	os nossos passos guiando nos no caminho da paz	3	no
psalm	118 119 49 56 vii zain meditação sobre a	47	yes	118 119 49 56 vi zain meditação sobre a	28	no
psalm	118 119 57 64 viii heth meditação sobre a	58	yes	118 119 57 64 vi heth meditação sobre a	14	no
psalm	118 119 129 136 xvii phe meditação sobre a	57	yes	118 119 129 136 xvi phe meditação sobre a	6	no
canticle-ant	ant não sois vós que falareis é o espírito	36	yes	ant não sois vós quem falareis é o espírito	24	no
psalm	118 119 169 176 xxii tau meditação sobre a	39	yes	118 119 169 176 xxi tau meditação sobre a	18	no
psalm	118 119 137 144 xviii sade meditação sobre a	53	yes	118 119 137 144 xvi sade meditação sobre a	2	no
canticle	cântico de simeão lc 2 29 32	47	yes	cântico evangélico lc 2 29 32	5	no
psalm	118 119 89 96 xii lamed meditação sobre a	41	yes	118 119 89 96 xi lamed meditação sobre a	11	no
psalm	começou a sentir pavor e angústia mc 14 33	45	yes	começou a sentir pavor a angústia mc 14 33	5	no
psalm	salmo 116 117 louvor ao deus misericordioso eu digo	39	yes	salmo 116 117 louvor a deus misericordioso eu digo	9	no
psalm	hino dos remidos 4 1 vós sois digno senhor nosso	38	yes	hino dos remidos 4 11vós sois digno senhor nosso	7	no
psalm	17 ante os gritos de insultos e blasfêmias do	35	yes	17 ante os gritos e insultos e blasfêmias do	5	no
psalm	pelos feitos do cristo sto atanásio 2 como é	34	yes	pelos feitos do cristo s atanásio 2 como é	3	no
psalm	floresçam como a erva ou prosperem igualmente os malfeitores	34	yes	floresçam como a erva e prosperem igualmente os malfeitores	3	no
psalm	dentre os mortos 12 demos graças a deus pai	33	yes	dentre os mortos 12 graças a deus pai	2	no
hymn	amor que os sustém proteja sua igreja agora e	33	yes	amor que os sustém protejam sua igreja agora e	1	no
ant	que tudo foi criado e é por ele que	21	yes	que tudo foi criado é por ele que	11	no
ant	dê a sua graça a sua bênção e sua	7	no	dê a sua graça e sua bênção e sua	21	yes
psalm	50 51 tende piedade ó meu deus renovai o	26	yes	50 51 tende piedade o meu deus renovai o	1	no
intercessions	vossas ovelhas e não permitis que ninguém as arrebate	25	yes	vossas ovelhas e não permitais que ninguém as arrebate	1	no
psalm	confiaram glória ao pai e ao filho e ao	15	yes	confiaram glória ao pai ao filho e ao	11	no
psalm	15 agradeçam ao senhor por seu amor e por	14	no	15 agradeçam ao senhor o seu amor e as	9	yes
ant	ant curai me senhor pois pequei contra vós	2	yes	ant curai me senhor eu pequei contra vós	20	no
psalm	o reino de deus está próximo convertei vos e	20	yes	o reino de deus esta próximo convertei vos e	1	no
hymn	cristo as glórias entoemos ao sacrifício da paixão na	19	yes	cristo as glórias entoemos a sacrifício da paixão na	1	no
psalm	eternamente glória ao pai e ao filho e ao	9	yes	eternamente glória ao pai ao filho e ao	11	no
psalm	vosso amor fiel a assembleia dos eleitos 7 pois	14	yes	vosso amor fiel a assembléia dos eleitos 7 pois	6	no
psalm	85 a nossa salvação está próxima no salvador caído	12	yes	85 a nossa salvação esta próxima no salvador caído	8	no
psalm	4 como o sopro de vento é o homem	13	yes	4 como o sopro do vento é o homem	7	no
psalm	maus caminhos castigai os com os maus que venha	15	yes	maus caminhos castigai os como os maus que venha	5	no
ant	ant 1 enviai senhor vossa luz vossa	9	no	ant 1 enviai me ó senhor vossa luz vossa	10	yes
hymn	dais o claro dia ao trabalho e a noite	10	yes	dais o claro dia no trabalho e a noite	9	no
psalm	paz glória ao pai e ao filho e ao	9	yes	paz glória ao pai ao filho e ao	10	no
psalm	graças à misericordiosa compaixão do nosso deus o sol	13	yes	graças à misericordiosa compaixão de nosso deus o sol	6	no
ant	ant 1minha oração suba a vós	9	no	ant minha oração suba a vós	9	yes
canticle-ant	sua paz cântico de evangélico lc 2 29 32	11	no	sua paz cântico de simeão lc 2 29 32	7	yes
psalm	amor meu refúgio libertador fortaleza e abrigo é meu	14	yes	amor meu refúgio libertador fotaleza e abrigo é meu	4	no
psalm	durante a sua paixão santo hilário 2 em voz	15	yes	durante a sua paixão sto hilário 2 em voz	2	no
psalm	era o seu protetor sto irineu 2 quão numerosos	14	yes	era o seu protetor s irineu 2 quão numerosos	2	no
psalm	do senhor grandes e maravilhosas são as tuas obras	13	yes	do senhor grandes e maravalhosas são as tuas obras	3	no
psalm	a terra os que ele amaldiçoar se perderão 23	9	no	a terra os que amaldiçoar se perderão 23	6	yes
ant	ant enviai me ó senhor vossa luz	12	yes	ant 1 enviai ó senhor vossa luz	2	no
psalm	a infidelidade do povo essas coisas foram escritas para	9	yes	a infidelidade do povo estas coisas foram escritas para	5	no
psalm	de deus na lei o amor é o cumprimento	13	yes	de deus na lei 0 amor é o cumprimento	1	no
ant	deus é tão grande e maior do que todos	11	no	deus é tão grande é maior do que todos	2	yes
ant	cantemos hinos aleluia no cânticos que se segue o	1	yes	cantemos hinos aleluia no cântico que se segue o	12	no
psalm	vos oferto generosos holocaustos e fumaça perfumosa dos cordeiros	1	no	vos oferto generosos holocaustos a fumaça perfumosa dos cordeiros	12	yes
psalm	partes porque eterno é seu amor 14 fez	2	yes	partes porque eterno é o seu amor 14 fez	11	no
psalm	israel porque eterno é seu amor 15 e	2	yes	israel porque eterno é o seu amor 15 e	11	no
ant	ant 1 enviai me ó senhor vossa luz	10	yes	ant 1 enviai ó senhor vossa luz	2	no
ant	ant 3 bendirei ao senhor toda a vida	11	no	ant 3 bendirei o senhor toda a vida	1	yes
canticle-ant	que vós sois os meu discípulos se uns aos	2	no	que vós sois os meus discípulos se uns aos	10	yes
psalm	presentes ouro incenso e mirra mt 2 11 1	7	no	presentes ouro incenso e mira mt 2 11 i	5	yes
canticle-ant	luz da santa igreja são beda cumpridor da lei divina	8	no	luz da santa igreja santo atanásio cumpridor da lei divina	2	yes
canticle-ant	luz da santa igreja são beda cumpridor da lei divina	8	no	luz da santa igreja santo antônio cumpridor da lei divina	2	yes
canticle-ant	luz da santa igreja são beda cumpridor da lei divina	8	no	luz da santa igreja santo afonso cumpridor da lei divina	2	yes
hymn	vossa glória unido a vós somente com todo	8	yes	vossa glória unido a a vós somente com todo	2	no
hymn	vós na terra preso por grande caridade no	8	yes	vós na terra preso a por grande caridade no	2	no
reading	leitura breve 1cor 15 20 22 cristo	8	yes	leitura breve lcor 15 20 22 cristo	2	no
reading	8 10 11 se cristo porém está em	5	no	8 10 11 se porém cristo está em vós	4	yes
reading	10 11 se cristo porém está em vós embora	5	no	11 se porém cristo está em vós embora	4	yes
ant	conduziu para a terra prometida v	6	yes	conduziu para a terra aleluia	2	no
prayer	com fervor estes dias de júbilo em honra do	6	yes	com fervor estes dias do júbilo em honra do	2	no
reading	se não a todo povo mas às testemunhas	2	no	se não a todo o povo mas às testemunhas	6	yes
verse	luz para os homens 3 janeiro	3	no	luz para os homens	5	yes
verse	a todos os homens	6	yes	a todos os homens 3 janeiro	2	no
verse	anunciai a sua salvação	5	yes	anunciai a sua salvação 3 janeiro	2	no
ant	alegria em meu seio aleluia	5	yes	alegria em meu seio tp aleluia	1	no
canticle-ant	ant eu digo com certeza a	4	yes	ant eu vos digo com certeza a	2	no
canticle-ant	humildade de sua serva	4	yes	humildade de sua serva tp aleluia	2	no
head-title	são francisco de sales bispo e	3	yes	são cirilo de alexandria bispo e	3	no
head-title	são francisco de sales bispo e doutor da	3	yes	são cirilo de alexandria bispo e doutor da	3	no
head-title	são pedro damião bispo e doutor da	3	no	são joão crisóstomo bispo e doutor da	3	yes
head-title	são pedro crisólogo bispo e doutor da	3	no	são joão crisóstomo bispo e doutor da	3	yes
head-title	são roberto belarmino bispo e doutor da	3	no	são joão crisóstomo bispo e doutor da	3	yes
head-title	são joão damasceno presbítero e doutor da	3	no	são joão da cruz presbítero e doutor da	3	yes
head-title	são joão damasceno presbítero e doutor da igreja	3	no	são joão crisóstomo bispo e doutor da igreja	3	yes
head-title	são joão da cruz presbítero e doutor da	3	yes	são joão de ávila presbítero e doutor da	3	no
reading	ef 4 11 13 cristo instituiu alguns como	5	yes	ef 4 11 13 foi cristo quem instituiu alguns	1	no
reading	ele iluminará o que estiver escondido nas trevas e	5	yes	ele iluminará o que tiver escondido nas trevas e	1	no
responsory	bendita entre todas as mulheres da terra e bendito	5	yes	bendita entre todas as muheres da terra e bendito	1	no
responsory	reino de deus está bem perto eis o dia	4	yes	reino de deus está perto eis o dia	2	no
verse	o caminho do senhor aplainai as estradas de deus	5	yes	o caminho do senhor aplanai as estradas de deus	1	no
canticle	55 como havia prometido aos nossos pais em favor	4	yes	55 como havia prometido a nossos pais em favor	1	no
head-title	são francisco de sales bispo e	3	yes	são cirilo de jerusalém bispo e	2	no
head-title	são francisco de sales bispo e doutor da	3	yes	são cirilo de jerusalém bispo e doutor da	2	no
intercessions	fonte de paz e de alegria para todos os	3	yes	fonte de paz e da alegria para todos os	2	no
intercessions	para todos os que creem em vós fazei nos	3	yes	para todos os que creêm em vós fazei nos	2	no
psalm	prodígios sua mão e o seu braço forte e	1	yes	prodígios sua mão e seu braço forte e	4	no
psalm	respeita o senhor e ama com carinho a	2	no	respeita o senhor e que ama com carinho a	3	yes
canticle-ant	ant jesus viu um homem	2	yes	ant saindo dali jesus viu um homem	2	no
canticle-ant	da santa igreja santo hilário cumpridor da lei divina	2	no	da santa igreja santo atanásio cumpridor da lei divina	2	yes
canticle-ant	da santa igreja santo hilário cumpridor da lei divina	2	no	da santa igreja santo antônio cumpridor da lei divina	2	yes
canticle-ant	da santa igreja santo hilário cumpridor da lei divina	2	no	da santa igreja santo afonso cumpridor da lei divina	2	yes
canticle-ant	luz da santa igreja são gregório cumpridor da lei divina	2	no	luz da santa igreja santo atanásio cumpridor da lei divina	2	yes
canticle-ant	luz da santa igreja são gregório cumpridor da lei divina	2	no	luz da santa igreja santo antônio cumpridor da lei divina	2	yes
canticle-ant	luz da santa igreja são gregório cumpridor da lei divina	2	no	luz da santa igreja santo afonso cumpridor da lei divina	2	yes
canticle-ant	da santa igreja santo anselmo cumpridor da lei divina	2	no	da santa igreja santo atanásio cumpridor da lei divina	2	yes
canticle-ant	da santa igreja santo anselmo cumpridor da lei divina	2	no	da santa igreja santo antônio cumpridor da lei divina	2	yes
canticle-ant	da santa igreja santo anselmo cumpridor da lei divina	2	no	da santa igreja santo afonso cumpridor da lei divina	2	yes
canticle-ant	da santa igreja santo efrém cumpridor da lei divina	2	no	da santa igreja santo atanásio cumpridor da lei divina	2	yes
canticle-ant	da santa igreja santo efrém cumpridor da lei divina	2	no	da santa igreja santo antônio cumpridor da lei divina	2	yes
canticle-ant	da santa igreja santo efrém cumpridor da lei divina	2	no	da santa igreja santo afonso cumpridor da lei divina	2	yes
canticle-ant	luz da santa igreja são boaventura cumpridor da lei divina	2	no	luz da santa igreja santo atanásio cumpridor da lei divina	2	yes
canticle-ant	luz da santa igreja são boaventura cumpridor da lei divina	2	no	luz da santa igreja santo antônio cumpridor da lei divina	2	yes
canticle-ant	luz da santa igreja são boaventura cumpridor da lei divina	2	no	luz da santa igreja santo afonso cumpridor da lei divina	2	yes
canticle-ant	luz da santa igreja são roberto cumpridor da lei divina	2	no	luz da santa igreja santo atanásio cumpridor da lei divina	2	yes
canticle-ant	luz da santa igreja são roberto cumpridor da lei divina	2	no	luz da santa igreja santo antônio cumpridor da lei divina	2	yes
canticle-ant	luz da santa igreja são roberto cumpridor da lei divina	2	no	luz da santa igreja santo afonso cumpridor da lei divina	2	yes
canticle-ant	luz da santa igreja são jerônimo cumpridor da lei divina	2	no	luz da santa igreja santo atanásio cumpridor da lei divina	2	yes
canticle-ant	luz da santa igreja são jerônimo cumpridor da lei divina	2	no	luz da santa igreja santo antônio cumpridor da lei divina	2	yes
canticle-ant	luz da santa igreja são jerônimo cumpridor da lei divina	2	no	luz da santa igreja santo afonso cumpridor da lei divina	2	yes
canticle-ant	santa igreja são joão damasceno cumpridor da lei divina	2	no	santa igreja são joão da cruz cumpridor da lei divina	2	yes
canticle-ant	santa igreja são joão da cruz cumpridor da lei divina	2	yes	santa igreja são joão crisóstomo cumpridor da lei divina	2	no
canticle-ant	da santa igreja santo alberto cumpridor da lei divina	2	no	da santa igreja santo atanásio cumpridor da lei divina	2	yes
canticle-ant	da santa igreja santo alberto cumpridor da lei divina	2	no	da santa igreja santo antônio cumpridor da lei divina	2	yes
canticle-ant	da santa igreja santo alberto cumpridor da lei divina	2	no	da santa igreja santo afonso cumpridor da lei divina	2	yes
canticle-ant	luz da santa igreja ó santo isidoro cumpridor da	2	no	luz da santa igreja santo atanásio cumpridor da	2	yes
canticle-ant	santa igreja ó santo isidoro cumpridor da lei divina	2	no	da santa igreja santo atanásio cumpridor da lei divina	2	yes
canticle-ant	luz da santa igreja ó santo isidoro cumpridor da	2	no	luz da santa igreja santo antônio cumpridor da	2	yes
canticle-ant	santa igreja ó santo isidoro cumpridor da lei divina	2	no	da santa igreja santo antônio cumpridor da lei divina	2	yes
canticle-ant	luz da santa igreja ó santo isidoro cumpridor da	2	no	luz da santa igreja santo afonso cumpridor da	2	yes
canticle-ant	santa igreja ó santo isidoro cumpridor da lei divina	2	no	da santa igreja santo afonso cumpridor da lei divina	2	yes
canticle-ant	luz da santa igreja santo atanásio cumpridor da lei divina	2	yes	luz da santa igreja são cirilo cumpridor da lei divina	2	no
canticle-ant	luz da santa igreja santo antônio cumpridor da lei divina	2	yes	luz da santa igreja são cirilo cumpridor da lei divina	2	no
canticle-ant	luz da santa igreja são cirilo cumpridor da lei divina	2	no	luz da santa igreja santo afonso cumpridor da lei divina	2	yes
intercessions	que unidos a vós no sofrimento e na morte	2	yes	que unidos a vós nos sofrimento e na morte	2	no
intercessions	a participarem de modo digno e ativo na	1	yes	a participarem de modo mais digno e ativo na	3	no
head-title	dung lac presbítero e seus companheiros mártires	1	yes	dung lac presbítero e companheiros mártires	2	no
head-title	sant ana pais de nossa senhora	1	yes	sant ana pais de maria santíssima	2	no
hymn	no céu com ele o prêmio gozar e	2	yes	no céu com ele ela o prêmio gozar e	1	no
hymn	régios caminhos da cruz este santo com todas as forças	2	yes	régios caminhos da cruz esta santa com todas as forças	1	no
hymn	e água jorraram árvore esplêndida e bela de rubra	1	yes	e água jorraram árvore explêndida e bela de rubra	2	no
intercessions	rebanho de deus vinde congregar a todos em	2	yes	rebanho de deus vinde para congregar a todos em	1	no
intercessions	escolhei dentre nós mensageiros da vossa palavra que anunciem	2	yes	escolhei dentre nós mensageiros de vossa palavra que anunciem	1	no
intercessions	meio do evangelho e humildes peçamos r confirmai a	1	no	meio do evangelho e peçamos humildemente r confirmai	2	yes
intercessions	evangelho e humildes peçamos r confirmai a vossa	1	no	do evangelho e peçamos humildemente r confirmai a vossa	2	yes
intercessions	olhai com bondade para o vosso rebanho que desperta	2	yes	olhai com bondade para vosso rebanho que desperta	1	no
psalm	de vir e oferecer lhes seus presentes e seus	1	yes	de vir e oferecer lhe seus presentes e seus	2	no
reading	o senhor deus dos exércitos não tenhas medo povo	1	yes	o senhor deus dos exécitos não tenhas medo povo	2	no
responsory	o seu espírito para salvar	2	no	o seu espírito para	1	yes
responsory	ame também seu irmão aleluia v destes dois mandamentos dependem	2	yes	ame também seu irmão destes dois mandamentos dependem	1	no
responsory	cristo como é grande tua beleza do senhor	1	no	cristo como é grande a tua beleza do senhor	2	yes
verse	as coisas foram feitas	2	yes	as coisas foram feitas 3 janeiro	1	no
ant	do evangelho pelo dom da sua graça	1	yes	do evangelho pelo dom de sua graça aleluia	1	no
ant	ant 1eis a cruz do senhor	1	no	ant eis a cruz do senhor	1	yes
ant	de cristo aleluia no cânticos que se segue o	1	yes	glória de cristo no cântico que se segue o	1	no
ant	ant 1para mim ó meu deus	1	no	ant para mim ó meu deus	1	yes
ant	ant 1 a virgem maria nasceu brotou	1	yes	ant virgem maria nasceu brotou	1	no
ant	ant 1aceitai o nosso espírito abatido	1	no	ant aceitai o nosso espírito abatido	1	yes
ant	nasceu do teu ventre	1	yes	nasceu do teu ventre tp aleluia	1	no
ant	ant 1tu me amas simão pedro	1	no	ant tu me amas simão pedro	1	yes
hymn	por nós fostes pregado no santo lenho da cruz	1	yes	por nós fostes pregado ao santo lenho da cruz	1	no
intercessions	por intercessão de santa inês uma das virgens sábias	1	yes	por intercessão de santa clara uma das virgens sábias	1	no
intercessions	por intercessão de santa inês uma das virgens sábias	1	yes	por intercessão de santa dulce uma das virgens sábias	1	no
intercessions	por intercessão de santa inês uma das virgens sábias	1	yes	por intercessão de santa teresa uma das virgens sábias	1	no
intercessions	por intercessão de santa inês uma das virgens sábias	1	yes	por intercessão de santa rosa uma das virgens sábias	1	no
intercessions	por intercessão de santa ângela de meríci uma das	1	no	por intercessão de santa catarina de sena uma das	1	yes
intercessions	de santa ângela de meríci uma das virgens sábias	1	no	de santa catarina de sena uma das virgens sábias	1	yes
intercessions	por intercessão de santa escolástica uma das virgens sábias	1	yes	por intercessão de santa clara uma das virgens sábias	1	no
intercessions	por intercessão de santa escolástica uma das virgens sábias	1	yes	por intercessão de santa dulce uma das virgens sábias	1	no
intercessions	por intercessão de santa escolástica uma das virgens sábias	1	yes	por intercessão de santa teresa uma das virgens sábias	1	no
intercessions	por intercessão de santa escolástica uma das virgens sábias	1	yes	por intercessão de santa rosa uma das virgens sábias	1	no
prayer	e reina para sempre amém o senhor todo poderoso	1	yes	e reina para sempre o senhor todo poderoso	1	no
psalm	e prostrai vos perante o seu monte pois é	1	no	e prostrai vos perante seu monte pois é	1	yes
responsory	administrador é que seja ele fiel para cuidar	1	yes	administrador é que seja fiel para cuidar	1	no
verse	conhecermos o deus verdadeiro 3 janeiro	1	no	conhecermos o deus verdadeiro	1	yes
conclusion	nos livre de todo o mal e nos conduza	220	yes	nos livre de todo mal e nos conduza	13	yes
canticle	no senhor 46 a minh alma engrandece o senhor	128	no	no senhor 46 a minha alma engrandece o senhor	10	no
ant	ele volte e tenha vida	83	yes	ele volte e tenha a vida	8	yes
psalm	vossa vontade que existem e subsistem porque vós mandais	51	yes	vossa vontade que existem subsistem porque vós mandais	38	yes
psalm	a salvação dos justos vós provastes que o senhor	42	yes	a salvação dos justos provastes que o senhor	45	yes
psalm	senhor a vossa vinha vinde senhor jesus ap 22	21	yes	senhor a vossa vinha vem senhor jesus ap 22	50	yes
ant	ant 1pelos prados e campinas verdejantes	27	no	ant pelos prados e campinas verdejantes	27	no
psalm	vindo sobre as nuvens dos céus mt 24 30 i	27	yes	vindo sobre as nuvens do céu mt 24 30 i	27	yes
te-deum	hino te deum em latim	46	no	te deum em latim	3	no
prayer	anjo a encarnação do cristo vosso filho cheguemos por	3	yes	anjo a encarnação do vosso filho cheguemos por	39	yes
responsory	responsório breve os discípulos ficaram muito	40	no	responsório os discípulos ficaram muito	2	no
canticle-ant	mim maravilhas e santo e o seu nome	2	no	mim maravilhas e santo é seu nome	38	no
canticle-ant	ó senhor misericórdia recordando a vossa santa aliança	20	no	ó senhor misericórdia recordando vossa santa aliança	18	no
canticle-ant	ant sirvamos ao senhor em justiça e santidade e	20	no	ant sirvamos ao senhor na justiça e santidade e	18	no
canticle-ant	a minh alma vos engrandeça eternamente senhor meu deus	20	no	a minh alma vos engrandece eternamente senhor meu deus	18	no
head-text	repete se a mesma o senhor é o grande	20	no	repete se a mesma ao senhor o grande rei	18	no
head-text	a mesma o senhor é o grande rei vinde	20	no	a mesma ao senhor o grande rei vinde	18	no
psalm	nas dificuldades bendito seja o deus que nos consola	18	yes	nas dificuldades bendito seja deus que nos consola	20	yes
psalm	em geração 2 já bem antes que as montanhas	30	no	em geração 2 já antes que as montanhas	7	no
canticle-ant	sua família para dar lhes o pão a seu	6	no	sua família para dar lhe o pão a seu	30	no
psalm	b restauração de jerusalém vem vou mostrar te a	21	yes	b restauração de jerusalém vou mostrar te a	14	yes
psalm	com a alma e com o corpo hesíquio 1	13	yes	com a alma e o corpo hesíquio 1	19	yes
psalm	justiça anunciei numa grande assembléia vós sabeis não fechei	1	yes	justiça anunciei numa grande assembleia vós sabeis não fechei	30	yes
psalm	na presença da grande assembléia 12 não negueis para	1	yes	na presença da grande assembleia 12 não negueis para	30	yes
psalm	dará o trono de davi seu pai lc 1	10	yes	dará o trono de seu pai davi lc	19	yes
psalm	de davi seu pai lc 1 32 i	10	yes	trono de seu pai davi lc 1 32 i	19	yes
psalm	de salvação seus sacerdotes e de alegria exultarão os	10	no	de salvação seus sacerdotes de alegria exultarão os	19	no
canticle-ant	vida neste mundo vai guardá la eternamente para os	24	no	vida neste mundo vai ganhá la eternamente para os	2	no
canticle-ant	ant ide ao mundo ensinai a todos os	2	yes	ant ide ao mundo e ensinai a todos os	24	yes
canticle-ant	a todos os povos batizai os em nome do	2	yes	a todos os povos batizando os em nome do	24	yes
psalm	sua palavra seus preceitos e suas leis a israel	21	yes	sua palavra seus preceitos suas leis a israel	4	yes
psalm	damos graças nosso deus 18as nações se enfureceram revoltadas	22	no	damos graças nosso deus as nações se enfureceram revoltadas	3	no
ant	ant 1como é bom salmodiar em	12	no	ant como é bom salmodiar em	12	no
psalm	por seu amor e por suas maravilhas entre os	14	yes	o seu amor e as suas maravilhas entre os	9	yes
psalm	estão longe ó senhor de vossa lei 151 vós	13	no	estão longe ó senhor da vossa lei 151 vós	9	no
psalm	salvação e o poder e a realeza do senhor	19	yes	salvação e o poder a realeza do senhor	3	yes
psalm	aclamai dos altos montes sobem gritos de alegria 12	13	no	aclamai dos altos montes subam gritos de alegria 12	8	no
psalm	alegria 12 todos eles deem glórias ao senhor e	13	no	alegria 12 todos eles dêem glórias ao senhor e	8	no
psalm	36 em seu templo ele é admirável e a	14	no	36 em seu templo é admirável e a	6	no
psalm	vida para sempre sto irineu 2 ó senhor em	17	no	vida para sempre sto ilrineu 2 ó senhor em	3	no
psalm	séculos dos séculos amém o senhor é o grande	10	no	séculos dos séculos amém ao senhor o grande rei	9	no
psalm	séculos amém o senhor é o grande rei vinde	10	no	séculos amém ao senhor o grande rei vinde	9	no
psalm	agora e sempre amém o senhor é o grande	10	no	agora e sempre amém ao senhor o grande rei	9	no
psalm	sempre amém o senhor é o grande rei vinde	10	no	sempre amém ao senhor o grande rei vinde	9	no
psalm	se elevou da boca lhe saiu um fogo abrasador	18	no	se elevou da boca saiu fogo abrasador dos	1	no
psalm	da boca lhe saiu um fogo abrasador dos seus	18	no	elevou da boca saiu fogo abrasador dos seus	1	no
canticle	a minha alma engrandece o senhor 47 e se	10	yes	a minha alma engrandece ao senhor 47 e se	8	yes
canticle-ant	da santa igreja são gregório cumpridor da lei divina	2	no	da santa igreja são beda cumpridor da lei divina	16	no
canticle-ant	da santa igreja são beda cumpridor da lei divina	16	no	da santa igreja são boaventura cumpridor da lei divina	2	no
canticle-ant	da santa igreja são beda cumpridor da lei divina	16	no	da santa igreja são roberto cumpridor da lei divina	2	no
canticle-ant	da santa igreja são beda cumpridor da lei divina	16	no	da santa igreja são jerônimo cumpridor da lei divina	2	no
canticle-ant	da santa igreja são beda cumpridor da lei divina	16	no	da santa igreja são cirilo cumpridor da lei divina	2	no
psalm	ser ditosos todos quantos que te amam encontrando em	14	no	ser ditosos todos quantos te amarem encontrando em	4	no
psalm	todos quantos que te amam encontrando em tua paz	14	no	ditosos todos quantos te amarem encontrando em tua paz	4	no
psalm	presentes ouro incenso e mirra mt 2 11 i	13	yes	presentes ouro incenso e mira mt 2 11 i	5	yes
ant	ele voltardes de todo coração ii	12	no	ele voltardes de todo o coração ii	5	no
ant	ele voltardes de todo coração	12	no	ele voltardes de todo o coração	5	no
psalm	senhor assenta te ao meu lado direito até	16	yes	senhor assenta te ao lado meu direito até que	1	yes
psalm	assenta te ao meu lado direito até que eu	16	yes	te ao lado meu direito até que eu	1	yes
prayer	uma morte santa amém antífona final de nossa senhora por	1	no	uma morte santa amém antífonas finais de nossa senhora por	15	no
psalm	com sua raça não se tivesse moisés o seu	9	no	com sua raça não tivesse moisés o seu	5	no
psalm	moisés o seu eleito interposto intercedendo junto a	9	no	moisés o seu eleito se interposto intercedendo junto a	5	no
responsory	ao pai o senhor ou	1	no	ao pai o senhor	13	no
responsory	responsório breve curai me ó deus santo pois	7	no	responsório breve curai me senhor ó deus santo pois	7	no
ant	ant o senhor o nosso deus vem com	11	no	ant o senhor nosso deus vem com	2	no
ant	nosso deus vem com poder e o preço	11	no	nosso deus vem com o poder e o preço	2	no
psalm	vou contar vos todo o bem que ele me	1	yes	vou contar vos todo bem que ele me	12	yes
responsory	salvação dos que o respeitam nele se alegra glória	12	yes	salvação dos que o repeitam nele se alegra glória	1	yes
reading	1pd 4 13 14 caríssimos alegrai vos por participar	6	yes	1pd 4 13 14 alegrai vos por participar	6	yes
reading	usando de paciência para convosco pois não deseja que	4	yes	usando de paciência para conosco pois não deseja que	8	yes
ant	ant 1 enviai senhor vossa luz vossa	9	no	ant 1 enviai ó senhor vossa luz vossa	2	no
intercessions	a deus nosso pai todos os seus dons	8	yes	a deus nosso pai por todos os seus dons	3	yes
canticle-ant	luz da santa igreja santo hilário cumpridor da lei divina	2	no	luz da santa igreja são beda cumpridor da lei divina	8	no
canticle-ant	luz da santa igreja santo anselmo cumpridor da lei divina	2	no	luz da santa igreja são beda cumpridor da lei divina	8	no
canticle-ant	luz da santa igreja santo efrém cumpridor da lei divina	2	no	luz da santa igreja são beda cumpridor da lei divina	8	no
canticle-ant	da santa igreja são joão damasceno cumpridor da lei divina	2	no	da santa igreja são beda cumpridor da lei divina	8	no
canticle-ant	da santa igreja são pedro canísio cumpridor da lei divina	2	no	da santa igreja são beda cumpridor da lei divina	8	no
canticle-ant	da santa igreja são beda cumpridor da lei divina	8	no	da santa igreja são joão crisóstomo cumpridor da lei divina	2	no
canticle-ant	luz da santa igreja são beda cumpridor da lei divina	8	no	luz da santa igreja santo alberto cumpridor da lei divina	2	no
head-text	a mesma vinde adoremos a cristo jesus filho bendito	8	no	a mesma vinde adoremos o cristo jesus filho bendito	2	no
intercessions	os pecadores defendei nos contra toda tentação r vinde	1	no	os pecadores defendei nos de toda tentação r vinde	9	no
intercessions	do espírito os mandamentos da vossa lei para que	1	yes	do espírito os mandamentos de vossa lei para que	9	yes
prayer	e adotados como filhos e filhas velai sobre nós em	8	yes	e adotados como filhos velai sobre nós em	2	yes
reading	senhor encontra ele seu prazer	9	yes	senhor encontra ele seu poder	1	yes
verse	lei de deus dará frutos a seu tempo	8	no	lei de deus dará fruto a seu tempo	2	no
verse	viva esperança aleluia pela ressureição do senhor dentre os	2	no	viva esperança aleluia pela ressurreição do senhor dentre os	8	no
prayer	possa servir alegre e tranquila por nosso senhor jesus	6	yes	possa servir alegre e tranqüila por nosso senhor jesus	3	yes
verse	alegram cantando aleluia pela ressurreição do senhor aleluia	8	no	alegram cantando aleluia pela resureição do senhor aleluia	1	no
verse	viva esperança aleluia pela ressurreição do senhor dentre os	8	no	viva esperança aleluia pela resureição do senhor dentre os	1	no
reading	da terra para seres seu povo preferido porque	1	yes	da terra para seres o seu povo preferido porque	7	yes
reading	que haveis de morrer o casa de israel pois	1	yes	que haveis de morrer ó casa de israel pois	7	yes
reading	casa de israel pois não sinto prazer na	1	yes	casa de israel pois eu não sinto prazer na	7	yes
reading	senhor ressurgiu realmente aleluia a apareceu a simão aleluia	4	no	senhor ressurgiu realmente aleluia e apareceu a simão aleluia	4	no
reading	por mão humana todo sumo sacerdote com efeito	4	yes	por mão humana todo o sumo sacerdote com efeito	4	yes
responsory	glória ao pai fareis deles	2	no	glória ao pai fareis	6	no
responsory	fez aliança conosco deus sem medida é a	1	no	fez aliança conosco deus nos amou sem medida é a	7	no
ant	ele voltardes de todo coração aleluia ii	2	no	ele voltardes de todo o coração ii	5	no
ant	ele voltardes de todo coração aleluia	2	no	ele voltardes de todo o coração	5	no
reading	dia consagrado ao senhor nosso deus não fiqueis tristes	3	yes	dia consagrado ao senhor vosso deus não fiqueis tristes	4	yes
reading	mas não me ouviram desviai o vosso olhar	5	no	mas não me ouviram nem atenderam desviai o vosso olhar	2	no
reading	desviar da verdade e um outro o reconduzir saiba	4	yes	desviar da verdade e outro o reconduzir saiba	3	yes
responsory	eis que vem toda a carne verá sua glória	4	no	eis que vem toda carne verá sua glória	3	no
ant	o fruto que nasceu do teu ventre	5	yes	o fruto que nasceu de teu ventre	1	yes
head-common	do comum dos pastores para bispos e doutores da igreja	3	no	do comum dos pastores e doutores da igreja	3	no
head-common	comum dos pastores para bispos e doutores da igreja	3	no	comum dos pastores para papas e doutores da igreja	3	no
head-common	do comum dos pastores e doutores da igreja	3	no	do comum dos pastores para papas e doutores da igreja	3	no
head-title	são pedro damião bispo e doutor da	3	no	são pedro crisólogo bispo e doutor da	3	no
head-title	são pedro damião bispo e doutor da	3	no	são roberto belarmino bispo e doutor da	3	no
head-title	são pedro damião bispo e doutor da igreja	3	no	são pedro canísio presbítero e doutor da igreja	3	no
head-title	são lourenço de bríndisi presbítero e	3	no	são joão de ávila presbítero e	3	no
head-title	são lourenço de bríndisi presbítero e doutor da	3	no	são joão de ávila presbítero e doutor da	3	no
head-title	são pedro crisólogo bispo e doutor da	3	no	são roberto belarmino bispo e doutor da	3	no
head-title	são pedro crisólogo bispo e doutor da igreja	3	no	são pedro canísio presbítero e doutor da igreja	3	no
head-title	são gregório magno papa e doutor	3	yes	são leão magno papa e doutor	3	yes
head-title	são joão damasceno presbítero e doutor da	3	no	são pedro canísio presbítero e doutor da	3	no
head-title	são joão damasceno presbítero e doutor da	3	no	são joão de ávila presbítero e doutor da	3	no
head-title	santa catarina de sena virgem e	3	yes	santa teresa de jesus virgem e	3	yes
head-title	santa catarina de sena virgem e doutora da	3	yes	santa teresa de jesus virgem e doutora da	3	yes
head-title	santa teresa do menino jesus virgem e doutora	3	yes	santa teresa de jesus virgem e doutora	3	yes
intercessions	corações de vossos filhos e filhas r cheia de graça	4	no	corações de vossos filhos r cheia de graça	2	no
prayer	deus todo poderoso concedei a vossos fiéis o	4	yes	deus todo poderoso concedei nos a vossos fiéis o	2	yes
prayer	vosso unigênito revele que somos filhos da luz por	4	yes	vosso unigênito revele que somo filhos da luz por	2	yes
reading	4 11 13 cristo instituiu alguns como apóstolos	5	yes	11 13 foi cristo quem instituiu alguns como apóstolos	1	yes
reading	ef 2 3b 5 nós éramos por natureza como	5	yes	ef 2 3b 5 éramos por natureza como	1	yes
reading	bastão de comando dentre os seus pés até que	4	yes	bastão de comando dentre seus pés até que	2	yes
reading	alimentará de manteiga e de mel até quando aprender	4	yes	alimentará de manteiga e mel até quando aprender	2	yes
reading	30 21a 22 eis o que diz o senhor	4	yes	30 21a 22 eis que diz o senhor	2	yes
reading	vos pelo amor que demonstrais ao vosso povo visitai	4	no	vos pelo amor que demostrais ao vosso povo visitai	2	no
responsory	tornou se para mim o salvador ele é	5	yes	tornou se para mim para mim o salvador ele é	1	yes
responsory	breve o senhor é minha força ele é	5	no	breve o senhor é a minha força ele é	1	no
responsory	para ti realizou toda a sua esperança alegra te glória	5	yes	para ti realizou toda esperança alegra te glória	1	yes
verse	ele anuncia a jacó sua	5	yes	anuncia a jacó sua	1	yes
ant	céu se enche com a sua majestade e a	3	yes	céu se enche com sua majestade e a	2	yes
head-title	são cirilo de jerusalém bispo e doutor da	2	no	são cirilo de alexandria bispo e doutor da	3	no
intercessions	a unidade de espírito pelo vínculo da paz r	3	yes	a unidade de espírito no vínculo da paz r	2	yes
intercessions	com os anjos e os santos e também com	3	yes	com os anjos e santos e também com	2	yes
intercessions	que somos pecadores apagai nossas culpas com a	3	no	que somos pecadores apagai as nossas culpas com a	2	no
intercessions	cristo nosso senhor que ressuscitado de entre os mortos	3	yes	cristo nosso senhor que ressuscitando de entre os mortos	2	yes
intercessions	de entre os mortos reconstituiu o templo do seu	3	yes	de entre os mortos reconstruiu o templo do seu	2	yes
intercessions	de esperarmos a manifestação do nosso senhor jesus cristo	2	yes	de esperarmos a manifestação de nosso senhor jesus cristo	3	yes
intercessions	a vossa misericórdia santificai nos senhor nosso espírito nossa	2	yes	a vossa misericórdia santificai senhor nosso espírito nossa	3	yes
intercessions	espírito de fé irmãos e irmãs caríssimos a cristo redentor	3	yes	espírito de fé irmãos caríssimos a cristo redentor	2	yes
intercessions	nos vida nova fazei com que os doentes sofredores	3	no	nos vida nova fazei que os doentes sofredores	2	no
psalm	séculos amém vinde adoremos a cristo jesus filho bendito	4	no	séculos amém vinde adoremos o cristo jesus filho bendito	1	no
psalm	sempre amém vinde adoremos a cristo jesus filho bendito	4	no	sempre amém vinde adoremos o cristo jesus filho bendito	1	no
responsory	ao pai o senhor é contigo	2	no	ao pai o senhor	3	no
responsory	o senhor vem com força e poder eis	3	yes	o senhor vem com a força e poder eis	2	yes
ant	o senhor tomou posse do seu reino exultemos de	2	yes	o senhor tomou posse de seu reino exultemos de	2	yes
ant	cristo sofresse para entrar em sua glória aleluia	2	yes	cristo sofresse para entrar dessa forma em sua glória aleluia	2	yes
canticle-ant	ant jesus disse então à mulher vai em	2	no	ant jesus disse à mulher pecadora vai	2	no
canticle-ant	disse então à mulher vai em paz tua	2	yes	jesus disse à mulher pecadora vai em paz tua	2	yes
canticle-ant	mim diz jesus e quem vem até mim	2	yes	mim diz jesus e a quem vem até mim	2	yes
canticle-ant	luz da santa igreja santo hilário cumpridor da lei divina	2	no	luz da santa igreja são gregório cumpridor da lei divina	2	no
canticle-ant	da santa igreja santo hilário cumpridor da lei divina	2	no	da santa igreja santo anselmo cumpridor da lei divina	2	no
canticle-ant	da santa igreja santo hilário cumpridor da lei divina	2	no	da santa igreja santo efrém cumpridor da lei divina	2	no
canticle-ant	luz da santa igreja santo hilário cumpridor da lei divina	2	no	luz da santa igreja são boaventura cumpridor da lei divina	2	no
canticle-ant	luz da santa igreja santo hilário cumpridor da lei divina	2	no	luz da santa igreja são roberto cumpridor da lei divina	2	no
canticle-ant	luz da santa igreja santo hilário cumpridor da lei divina	2	no	luz da santa igreja são jerônimo cumpridor da lei divina	2	no
canticle-ant	da santa igreja santo hilário cumpridor da lei divina	2	no	da santa igreja santo alberto cumpridor da lei divina	2	no
canticle-ant	luz da santa igreja santo hilário cumpridor da	2	no	luz da santa igreja ó santo isidoro cumpridor da	2	no
canticle-ant	da santa igreja santo hilário cumpridor da lei divina	2	no	santa igreja ó santo isidoro cumpridor da lei divina	2	no
canticle-ant	luz da santa igreja santo hilário cumpridor da lei divina	2	no	luz da santa igreja são cirilo cumpridor da lei divina	2	no
canticle-ant	luz da santa igreja são gregório cumpridor da lei divina	2	no	luz da santa igreja santo anselmo cumpridor da lei divina	2	no
canticle-ant	luz da santa igreja são gregório cumpridor da lei divina	2	no	luz da santa igreja santo efrém cumpridor da lei divina	2	no
canticle-ant	da santa igreja são gregório cumpridor da lei divina	2	no	da santa igreja são boaventura cumpridor da lei divina	2	no
canticle-ant	da santa igreja são gregório cumpridor da lei divina	2	no	da santa igreja são roberto cumpridor da lei divina	2	no
canticle-ant	da santa igreja são gregório cumpridor da lei divina	2	no	da santa igreja são jerônimo cumpridor da lei divina	2	no
canticle-ant	da santa igreja são gregório cumpridor da lei divina	2	no	da santa igreja são joão damasceno cumpridor da lei divina	2	no
canticle-ant	da santa igreja são gregório cumpridor da lei divina	2	no	da santa igreja são pedro canísio cumpridor da lei divina	2	no
canticle-ant	da santa igreja são gregório cumpridor da lei divina	2	no	da santa igreja são joão crisóstomo cumpridor da lei divina	2	no
canticle-ant	luz da santa igreja são gregório cumpridor da lei divina	2	no	luz da santa igreja santo alberto cumpridor da lei divina	2	no
canticle-ant	da santa igreja são gregório cumpridor da lei divina	2	no	da santa igreja são cirilo cumpridor da lei divina	2	no
canticle-ant	da santa igreja santo anselmo cumpridor da lei divina	2	no	da santa igreja santo efrém cumpridor da lei divina	2	no
canticle-ant	luz da santa igreja santo anselmo cumpridor da lei divina	2	no	luz da santa igreja são boaventura cumpridor da lei divina	2	no
canticle-ant	luz da santa igreja santo anselmo cumpridor da lei divina	2	no	luz da santa igreja são roberto cumpridor da lei divina	2	no
canticle-ant	luz da santa igreja santo anselmo cumpridor da lei divina	2	no	luz da santa igreja são jerônimo cumpridor da lei divina	2	no
canticle-ant	da santa igreja santo anselmo cumpridor da lei divina	2	no	da santa igreja santo alberto cumpridor da lei divina	2	no
canticle-ant	luz da santa igreja santo anselmo cumpridor da	2	no	luz da santa igreja ó santo isidoro cumpridor da	2	no
canticle-ant	da santa igreja santo anselmo cumpridor da lei divina	2	no	santa igreja ó santo isidoro cumpridor da lei divina	2	no
canticle-ant	luz da santa igreja santo anselmo cumpridor da lei divina	2	no	luz da santa igreja são cirilo cumpridor da lei divina	2	no
canticle-ant	luz da santa igreja santo efrém cumpridor da lei divina	2	no	luz da santa igreja são boaventura cumpridor da lei divina	2	no
canticle-ant	luz da santa igreja santo efrém cumpridor da lei divina	2	no	luz da santa igreja são roberto cumpridor da lei divina	2	no
canticle-ant	luz da santa igreja santo efrém cumpridor da lei divina	2	no	luz da santa igreja são jerônimo cumpridor da lei divina	2	no
canticle-ant	da santa igreja santo efrém cumpridor da lei divina	2	no	da santa igreja santo alberto cumpridor da lei divina	2	no
canticle-ant	luz da santa igreja santo efrém cumpridor da	2	no	luz da santa igreja ó santo isidoro cumpridor da	2	no
canticle-ant	da santa igreja santo efrém cumpridor da lei divina	2	no	santa igreja ó santo isidoro cumpridor da lei divina	2	no
canticle-ant	luz da santa igreja santo efrém cumpridor da lei divina	2	no	luz da santa igreja são cirilo cumpridor da lei divina	2	no
canticle-ant	da santa igreja são boaventura cumpridor da lei divina	2	no	da santa igreja são roberto cumpridor da lei divina	2	no
canticle-ant	da santa igreja são boaventura cumpridor da lei divina	2	no	da santa igreja são jerônimo cumpridor da lei divina	2	no
canticle-ant	da santa igreja são boaventura cumpridor da lei divina	2	no	da santa igreja são joão damasceno cumpridor da lei divina	2	no
canticle-ant	da santa igreja são boaventura cumpridor da lei divina	2	no	da santa igreja são pedro canísio cumpridor da lei divina	2	no
canticle-ant	da santa igreja são boaventura cumpridor da lei divina	2	no	da santa igreja são joão crisóstomo cumpridor da lei divina	2	no
canticle-ant	luz da santa igreja são boaventura cumpridor da lei divina	2	no	luz da santa igreja santo alberto cumpridor da lei divina	2	no
canticle-ant	da santa igreja são boaventura cumpridor da lei divina	2	no	da santa igreja são cirilo cumpridor da lei divina	2	no
canticle-ant	da santa igreja são roberto cumpridor da lei divina	2	no	da santa igreja são jerônimo cumpridor da lei divina	2	no
canticle-ant	da santa igreja são roberto cumpridor da lei divina	2	no	da santa igreja são joão damasceno cumpridor da lei divina	2	no
canticle-ant	da santa igreja são roberto cumpridor da lei divina	2	no	da santa igreja são pedro canísio cumpridor da lei divina	2	no
canticle-ant	da santa igreja são roberto cumpridor da lei divina	2	no	da santa igreja são joão crisóstomo cumpridor da lei divina	2	no
canticle-ant	luz da santa igreja são roberto cumpridor da lei divina	2	no	luz da santa igreja santo alberto cumpridor da lei divina	2	no
canticle-ant	da santa igreja são roberto cumpridor da lei divina	2	no	da santa igreja são cirilo cumpridor da lei divina	2	no
canticle-ant	da santa igreja são jerônimo cumpridor da lei divina	2	no	da santa igreja são joão damasceno cumpridor da lei divina	2	no
canticle-ant	da santa igreja são jerônimo cumpridor da lei divina	2	no	da santa igreja são pedro canísio cumpridor da lei divina	2	no
canticle-ant	da santa igreja são jerônimo cumpridor da lei divina	2	no	da santa igreja são joão crisóstomo cumpridor da lei divina	2	no
canticle-ant	luz da santa igreja são jerônimo cumpridor da lei divina	2	no	luz da santa igreja santo alberto cumpridor da lei divina	2	no
canticle-ant	da santa igreja são jerônimo cumpridor da lei divina	2	no	da santa igreja são cirilo cumpridor da lei divina	2	no
canticle-ant	da santa igreja são joão damasceno cumpridor da lei divina	2	no	da santa igreja são pedro canísio cumpridor da lei divina	2	no
canticle-ant	santa igreja são joão damasceno cumpridor da lei divina	2	no	santa igreja são joão crisóstomo cumpridor da lei divina	2	no
canticle-ant	da santa igreja são joão damasceno cumpridor da lei divina	2	no	da santa igreja são cirilo cumpridor da lei divina	2	no
canticle-ant	da santa igreja são pedro canísio cumpridor da lei divina	2	no	da santa igreja são joão crisóstomo cumpridor da lei divina	2	no
canticle-ant	da santa igreja são pedro canísio cumpridor da lei divina	2	no	da santa igreja são cirilo cumpridor da lei divina	2	no
canticle-ant	da santa igreja são joão crisóstomo cumpridor da lei divina	2	no	da santa igreja são cirilo cumpridor da lei divina	2	no
canticle-ant	luz da santa igreja santo alberto cumpridor da	2	no	luz da santa igreja ó santo isidoro cumpridor da	2	no
canticle-ant	da santa igreja santo alberto cumpridor da lei divina	2	no	santa igreja ó santo isidoro cumpridor da lei divina	2	no
canticle-ant	luz da santa igreja santo alberto cumpridor da lei divina	2	no	luz da santa igreja são cirilo cumpridor da lei divina	2	no
canticle-ant	da santa igreja santo atanásio cumpridor da lei divina	2	yes	da santa igreja santo antônio cumpridor da lei divina	2	yes
canticle-ant	da santa igreja santo atanásio cumpridor da lei divina	2	yes	da santa igreja santo afonso cumpridor da lei divina	2	yes
canticle-ant	da santa igreja santo antônio cumpridor da lei divina	2	yes	da santa igreja santo afonso cumpridor da lei divina	2	yes
canticle-ant	o fruto que nasceu de teu ventre	2	yes	o fruto que nasceu do teu ventre aleluia	2	yes
canticle-ant	céus irá entrar mas o que faz a vontade do	2	yes	céus irá entrar mas quem faz a vontade do	2	yes
intercessions	nosso coração para progredirmos sempre no caminho da santidade	1	yes	nosso coração para progredirmos continuamente no caminho da santidade	3	yes
intercessions	nos senhor jesus que por vosso sangue derramado na	3	yes	nos senhor jesus que pelo vosso sangue derramado na	1	yes
intercessions	mistério da vossa cruz todo o gênero humano para	2	yes	mistério da vossa cruz o gênero humano para	2	yes
prayer	por cristo nosso senhor amém o senhor todo poderoso	2	yes	por cristo nosso senhor o senhor todo poderoso	2	yes
responsory	que nos guiou até o cristo a fim de	2	yes	que nos guiou até cristo a fim de	2	yes
responsory	de mim ao chegar ao vosso reino vós que	1	yes	de mim ao chegar a vosso reino vós que	3	yes
responsory	coração oprimido jesus vós vos fizestes obediente até	1	no	coração oprimido jesus vós que vos fizestes obediente até	3	no
verse	vosso amor e compaixão a salvação que prometestes ó senhor	3	no	vosso amor e compaixão o salvador que prometestes ó senhor	1	no
ant	vida pelo amigo no cântico que se segue o	2	no	vida pelo amigo no cânticos que se segue o	1	no
head-title	basílio magno e gregório de nazianzeno bispos e doutores	1	no	basílio magno e gregório nazianzeno bispos e doutores	2	no
head-title	joão fisher bispo e santo tomás more mártires	1	no	joão fisher bispo e são tomás more mártires	2	no
head-title	santos roque gonzález afonso rodríguez e joão	1	no	santos roque gozález afonso rodriguez e joão	2	no
head-title	santos roque gonzález afonso rodríguez e joão de castillo	1	no	santos roque gozález afonso rodriguez e joão de castillo	2	no
hymn	para lavar meu pecado o sangue e água jorraram	1	yes	para lavar meu pecado sangue e água jorraram	2	yes
intercessions	a glória de deus r senhor glorificado seja	2	no	a glória de deus pai r senhor glorificado seja	1	no
intercessions	vinde dissipar as trevas de nossa ignorância r vinde	2	no	vinde dissipar as trevas da nossa ignorância r vinde	1	no
intercessions	fortaleza e a confiança fortalecei os fracos consolai os	1	yes	fortaleza e a confiança sustentai os fracos consolai os	2	yes
intercessions	senhor o vosso povo lnclinai senhor o coração das	2	no	senhor o vosso povo inclinai senhor o coração das	1	no
intercessions	nós colaboremos na obra de reconciliação de toda a	1	yes	nós colaboremos na obra da reconciliação de toda a	2	yes
intercessions	confirmai o na caridade ao serviço do vosso povo	2	yes	confirmai o na caridade a serviço do vosso povo	1	yes
intercessions	humanidade um caminho novo e vivo para subir ao santuário	2	yes	humanidade um caminho novo para subir ao santuário	1	yes
intercessions	o vosso reino concedei nos senhor que possamos dar	2	yes	o vosso reino concedei senhor que possamos dar	1	yes
intercessions	justiça aos pobres e aos oprimidos r ficai conosco	2	no	justiça aos pobres e oprimidos r ficai conosco	1	no
intercessions	já partiram desta vida recebei os no reino	2	yes	já partiram desta vida e recebei os no reino	1	yes
reading	contemplaram aleluia a salvação de nosso deus aleluia	1	no	contemplaram aleluia a salvação do nosso deus aleluia	2	no
reading	hb 2 9b 10 vemos jesus coroado de	2	yes	hb 2 9b 10 nós vemos a jesus coroado	1	yes
reading	2 9b 10 vemos jesus coroado de glória	2	yes	9b 10 nós vemos a jesus coroado de glória	1	yes
reading	piedade o senhor recordou o seu amor sempre fiel	1	no	piedade o senhor recordou seu amor sempre fiel	2	no
reading	livrará do peso dele o teu pescoço do seu	2	yes	livrará do peso dele teu pescoço do seu	1	yes
reading	vos pelo amor que demostrais ao vosso povo visitai	1	no	vos pelo amor que demostrai ao vosso povo visitai	2	no
responsory	11 12 2cor 6 16b hei de pôr minha	1	no	11 12 2cor 6 16 hei de pôr minha	2	no
responsory	e hão de honrar vos os povos todos e	1	yes	e hão de honrar te os povos todos e	2	yes
verse	viva esperança aleluia pela ressureição do senhor dentre os	2	no	viva esperança aleluia pela resureição do senhor dentre os	1	no
ant	pelo amigo aleluia no cântico que se segue o	1	no	vida pelo amigo no cânticos que se segue o	1	no
ant	ant 2 vós anjos do senhor bendizei o	1	yes	ant 2 vós santos do senhor bendizei o	1	yes
ant	mãos puras e inocente coração subirá até o	1	no	mãos puras e inocente o coração subirá até o	1	no
ant	ant vós anjos do senhor bendizei o	1	yes	ant vós santos do senhor bendizei o	1	yes
ant	sem mancha de pecado merecestes ser a mãe do	1	yes	sem mancha de pecado mereceste ser a mãe do	1	yes
ant	ant 3 é no cristo que nós temos	1	yes	ant 3 é em cristo que nós temos	1	yes
ant	ant 3 é no cristo que nós temos	1	yes	ant é em cristo que nós temos	1	yes
ant	ant é no cristo que nós temos	1	yes	ant 3 é em cristo que nós temos	1	yes
ant	ant é no cristo que nós temos	1	yes	ant é em cristo que nós temos	1	yes
intercessions	por intercessão de santa inês uma das virgens sábias	1	yes	por intercessão de santa escolástica uma das virgens sábias	1	yes
intercessions	por intercessão de santa clara uma das virgens sábias	1	no	por intercessão de santa dulce uma das virgens sábias	1	no
intercessions	por intercessão de santa clara uma das virgens sábias	1	no	por intercessão de santa teresa uma das virgens sábias	1	no
intercessions	por intercessão de santa clara uma das virgens sábias	1	no	por intercessão de santa rosa uma das virgens sábias	1	no
intercessions	por intercessão de santa dulce uma das virgens sábias	1	no	por intercessão de santa teresa uma das virgens sábias	1	no
intercessions	por intercessão de santa dulce uma das virgens sábias	1	no	por intercessão de santa rosa uma das virgens sábias	1	no
intercessions	por intercessão de santa teresa uma das virgens sábias	1	no	por intercessão de santa rosa uma das virgens sábias	1	no
intercessions	vossa mãe de toda mancha de pecado livrai	1	yes	vossa mãe de toda a mancha de pecado livrai	1	yes
intercessions	a festa de santa ângela de meríci que ele	1	no	a festa de santa catarina de sena que ele	1	no
intercessions	de santa ângela de meríci que ele possa alegrar	1	no	de santa catarina de sena que ele possa alegrar	1	no
intercessions	a festa de santa escolástica que ele possa alegrar	1	no	a festa de santa clara que ele possa alegrar	1	no
intercessions	a festa de santa escolástica que ele possa alegrar	1	no	a festa de santa dulce que ele possa alegrar	1	no
intercessions	se com a festa de santa escolástica que ele	1	no	se com a festa da santa teresa que ele	1	no
intercessions	a festa de santa escolástica que ele possa alegrar	1	no	a festa da santa teresa que ele possa alegrar	1	no
intercessions	a festa de santa clara que ele possa alegrar	1	no	a festa de santa dulce que ele possa alegrar	1	no
intercessions	se com a festa de santa clara que ele	1	no	se com a festa da santa teresa que ele	1	no
intercessions	a festa de santa clara que ele possa alegrar	1	no	a festa da santa teresa que ele possa alegrar	1	no
intercessions	se com a festa de santa dulce que ele	1	no	se com a festa da santa teresa que ele	1	no
intercessions	a festa de santa dulce que ele possa alegrar	1	no	a festa da santa teresa que ele possa alegrar	1	no
intercessions	sangue concedei aos vossos fiéis a graça de tomar	1	no	sangue concedei aos vossos féis a graça de tomar	1	no
intro	presbíteros e o segundo traduzido livremente do original	1	no	presbíteros e o segundo do traduzido livremente do original	1	no
reading	aleluia r a salvação do nosso deus aleluia	1	no	contemplaram aleluia a salvação de nosso deus aleluia	1	no
reading	breve sb 3 1 2a 3b a vida dos	1	yes	breve sb 3 1 2b 3b a vida dos	1	yes
responsory	18 18 lc 20 13b cf jo 6 14b	1	yes	18 18 lc 20 9 cf jo 6 14	1	yes
responsory	13b cf jo 6 14b farei surgir para o	1	no	9 cf jo 6 14 farei surgir para o	1	no
responsory	e pede que oriente os teus caminhos e teus	1	yes	e pede que oriente teus caminhos e teus	1	yes
responsory	tua força e teus	1	yes	tua força e teus planos	1	yes
responsory	cf at 4 33 31 cl com grande coragem os	1	no	cf at 4 33 31b com grande coragem os	1	no
responsory	mostrou que sejamos chamados de filhos de deus e	1	yes	mostrou que sejamos chamados filhos de deus e	1	yes
responsory	responsório cf jó 13 20 21 cf	1	yes	responsório cf jo 13 20 21 cf	1	yes
responsory	13 sl 71 72 7a cantai ó céus e	1	no	13 sl 71 72 7 cantai ó céus e	1	no
responsory	1cor 4 2 vigiai a todo o rebanho que	1	no	1cor 4 2 vigiai todo o rebanho que	1	no
responsory	ao pai o senhor ou	1	no	ao pai o senhor a escolheu	1	no
responsory	todas preferida o senhor a escolheu o senhor a fez	1	no	todas preferida o senhor o senhor a fez	1	no
responsory	breve no meio da assembleia falou palavras sábias aleluia	1	no	breve no meio da assembléia falou palavras sábias aleluia	1	no
