john_leonardi	religious	false	founder
john_matha	religious	false	founder
john_nepomucene	martyrs	false
john_of_god	religious	false	founder
john_of_the_cross	bishops	false	Doctor, friar
john_paul_ii	bishops	false	pope
john_paul_martyrs	martyrs	true
john_sahagun	religious	false	Augustinian friar
john_silent	bishops	false	bishop and monk, not a martyr
john_vianney	religious	false	parish priest
john_xxiii	bishops	false	pope
jonas_barachisius	martyrs	true
josaphat	martyrs	false	bishop and martyr
jose_anchieta	religious	false	Jesuit
jose_gregorio_hernandez	laity	false	physician
josemaria_escriva	religious	false	priest, founder
joseph	patriarchs	false
joseph_calasanz	religious	false	founder
josephine_bakhita	religious	false	Canossian sister
juan_diego	laity	false
julia_corsica	martyrs	false
julian_basilissa	martyrs	true	Julian crowned with martyrdom
juliana_falconieri	religious	false	foundress
julius_i	bishops	false	pope
justin	martyrs	false
ladislas	laity	false	king
lambert	martyrs	false	bishop and martyr
lateran_basilica	church	false
laurence_justinian	bishops	false
laurence_otoole	bishops	false
lawrence	martyrs	false
lawrence_brindisi	bishops	false	priest and Doctor (Capuchin)
lawrence_ruiz	martyrs	true	and companions
lazarus_devasahayam	martyrs	false
leander	bishops	false
leo_great	bishops	false
leocadia	martyrs	false	died in prison, styled martyr
leonard_noblac	religious	false	hermit and abbot
leonides	martyrs	false
liberatus	martyrs	true
linus	martyrs	false	pope, styled martyr
loreto	lady	false
louis_bertrand	religious	false	Dominican priest
louis_de_montfort	religious	false	priest, founder
louis_france	laity	false	king
louis_toulouse	bishops	false	Franciscan bishop, not a martyr
louis_zelie_martin	laity	true
lourdes	lady	false
lucian_antioch	martyrs	false
lucy	martyrs	false
ludger	bishops	false
luigi_maria_palazzolo	religious	false	priest, founder
luke	apostles	false
macarius_alexandria	religious	false	hermit
magloire	bishops	false	bishop and abbot
malachi_armagh	bishops	false
mama_antula	laity	false	consecrated lay woman (beata), not a vowed religious; unsure
mammertus	bishops	false
marcella	laity	false	widow, no vows
marcellinus_embrun	bishops	false
marcellinus_peter	martyrs	true
marcellinus_pope	martyrs	false	pope, styled martyr though blood not shed
marcellus_centurion	martyrs	false
marcus_marcellianus	martyrs	true
margaret_antioch	martyrs	false
margaret_mary	religious	false	Visitandine
margaret_scotland	laity	false	queen
maria_domenica_mantovani	religious	false	co-foundress
maria_francesca_rubatto	religious	false	foundress
maria_goretti	martyrs	false
maria_santocanale	religious	false	foundress
maria_troncatti	religious	false	Salesian sister
marie_leonie_paradis	religious	false	foundress
marie_rivier	religious	false	foundress
mark	apostles	false	evangelist
mark_pope	bishops	false	pope
martha_mary_lazarus	apostles	true
martin_de_porres	religious	false	Dominican lay brother
martin_i	martyrs	false	pope and martyr
martin_tours	bishops	false
mary_egypt	religious	false	desert penitent; hermit, unsure vs laity
mary_magdalene	apostles	false
mary_major	church	false	dedication of a basilica
mary_mother_of_god	lady	false
matthew	apostles	false
matthias	apostles	false
maud	laity	false	queen
maximilian_kolbe	martyrs	false
maximus_riez	bishops	false
medard	bishops	false
mello	bishops	false
mesmin	religious	false	abbot
michael_archangel	angels	false
miraculous_medal	lady	false
monica	laity	false
moses_the_black	religious	false	monk and hermit; unsure vs martyrs
mount_carmel	lady	false
narcissus_jerusalem	bishops	false
nativity_bvm	lady	false
nativity_christ	lord	false
nazarius_celsus	martyrs	true
nemesion	martyrs	false
nereus_achilleus	martyrs	true
nicasius	martyrs	false	bishop and martyr
nicholas	bishops	false
nicholas_tolentino	religious	false	Augustinian friar
norbert	bishops	false	founder but archbishop of Magdeburg
north_american_martyrs	martyrs	true
odo_cluny	religious	false	abbot
olympias	religious	false	widow and deaconess, founded a convent; unsure vs laity
omer	bishops	false
onesimus	apostles	false	Paul's disciple named in Philemon; also bishop and martyr, unsure vs martyrs
oswald_worcester	bishops	false
our_lady_mercy	lady	false
our_lady_rosary	lady	false
our_lady_sorrows	lady	false
pachomius	religious	false	abbot
padre_pio	religious	false	Capuchin
palladius	bishops	false
pamphilus	martyrs	false
pancras	martyrs	false
pantaenus	bishops	false	Father of the Church, not a martyr
pantaleon	martyrs	false
paphnutius	bishops	false	bishop and confessor
paschal_baylon	religious	false	Franciscan lay brother
paternus_avranches	bishops	false	monk and bishop
patrick	bishops	false
paul	apostles	false
paul_hermit	religious	false	hermit
