date	title	rank	keyword	temporal	source	usccb2026
01-01	Solemnity of Mary, the Holy Mother of God	solemnity	mother of god	tempore.christmas.mary-mother-of-god	MR2008 Calendarium Romanum Generale pp.105-116 (transcribed at https://en.wikipedia.org/wiki/General_Roman_Calendar)	solemnity
01-02	Saints Basil the Great and Gregory Nazianzen, Bishops and Doctors of the Church	memorial	basil		MR2008 Calendarium Romanum Generale pp.105-116 (transcribed at https://en.wikipedia.org/wiki/General_Roman_Calendar)	memorial
01-03	The Most Holy Name of Jesus	optional-memorial	name of jesus		MR2008 Calendarium Romanum Generale pp.105-116 (transcribed at https://en.wikipedia.org/wiki/General_Roman_Calendar)	om
01-06	The Epiphany of the Lord	solemnity	epiphany	tempore.christmas.epiphany	MR2008 Calendarium Romanum Generale pp.105-116 (transcribed at https://en.wikipedia.org/wiki/General_Roman_Calendar)	absent
01-07	Saint Raymond of Penyafort, Priest	optional-memorial	penyafort		MR2008 Calendarium Romanum Generale pp.105-116 (transcribed at https://en.wikipedia.org/wiki/General_Roman_Calendar)	om
01-13	Saint Hilary, Bishop and Doctor of the Church	optional-memorial	hilary		MR2008 Calendarium Romanum Generale pp.105-116 (transcribed at https://en.wikipedia.org/wiki/General_Roman_Calendar)	om
01-17	Saint Anthony, Abbot	memorial	anthony		MR2008 Calendarium Romanum Generale pp.105-116 (transcribed at https://en.wikipedia.org/wiki/General_Roman_Calendar)	memorial
01-20	Saint Fabian, Pope and Martyr	optional-memorial	fabian		MR2008 Calendarium Romanum Generale pp.105-116 (transcribed at https://en.wikipedia.org/wiki/General_Roman_Calendar)	om
01-20	Saint Sebastian, Martyr	optional-memorial	sebastian		MR2008 Calendarium Romanum Generale pp.105-116 (transcribed at https://en.wikipedia.org/wiki/General_Roman_Calendar)	om
01-21	Saint Agnes, Virgin and Martyr	memorial	agnes		MR2008 Calendarium Romanum Generale pp.105-116 (transcribed at https://en.wikipedia.org/wiki/General_Roman_Calendar)	memorial
01-22	Saint Vincent, Deacon and Martyr	optional-memorial	vincent		MR2008 Calendarium Romanum Generale pp.105-116 (transcribed at https://en.wikipedia.org/wiki/General_Roman_Calendar)	absent
01-24	Saint Francis de Sales, Bishop and Doctor of the Church	memorial	sales		MR2008 Calendarium Romanum Generale pp.105-116 (transcribed at https://en.wikipedia.org/wiki/General_Roman_Calendar)	memorial
01-25	The Conversion of Saint Paul the Apostle	feast	conversion		MR2008 Calendarium Romanum Generale pp.105-116 (transcribed at https://en.wikipedia.org/wiki/General_Roman_Calendar)	absent
01-26	Saints Timothy and Titus, Bishops	memorial	timothy		MR2008 Calendarium Romanum Generale pp.105-116 (transcribed at https://en.wikipedia.org/wiki/General_Roman_Calendar)	memorial
01-27	Saint Angela Merici, Virgin	optional-memorial	angela		MR2008 Calendarium Romanum Generale pp.105-116 (transcribed at https://en.wikipedia.org/wiki/General_Roman_Calendar)	om
01-28	Saint Thomas Aquinas, Priest and Doctor of the Church	memorial	aquinas		MR2008 Calendarium Romanum Generale pp.105-116 (transcribed at https://en.wikipedia.org/wiki/General_Roman_Calendar)	memorial
01-31	Saint John Bosco, Priest	memorial	bosco		MR2008 Calendarium Romanum Generale pp.105-116 (transcribed at https://en.wikipedia.org/wiki/General_Roman_Calendar)	memorial
Sunday after 6 January	The Baptism of the Lord	feast	baptism	tempore.christmas.baptism-of-the-lord	MR2008 Calendarium Romanum Generale pp.105-116 (transcribed at https://en.wikipedia.org/wiki/General_Roman_Calendar)	
02-02	The Presentation of the Lord	feast	presentation of the lord		MR2008 Calendarium Romanum Generale pp.105-116 (transcribed at https://en.wikipedia.org/wiki/General_Roman_Calendar)	feast
02-03	Saint Blaise, Bishop and Martyr	optional-memorial	blaise		MR2008 Calendarium Romanum Generale pp.105-116 (transcribed at https://en.wikipedia.org/wiki/General_Roman_Calendar)	om
02-03	Saint Ansgar, Bishop	optional-memorial	ansgar		MR2008 Calendarium Romanum Generale pp.105-116 (transcribed at https://en.wikipedia.org/wiki/General_Roman_Calendar)	om
02-05	Saint Agatha, Virgin and Martyr	memorial	agatha		MR2008 Calendarium Romanum Generale pp.105-116 (transcribed at https://en.wikipedia.org/wiki/General_Roman_Calendar)	memorial
02-06	Saints Paul Miki and Companions, Martyrs	memorial	miki		MR2008 Calendarium Romanum Generale pp.105-116 (transcribed at https://en.wikipedia.org/wiki/General_Roman_Calendar)	memorial
02-08	Saint Jerome Emiliani, Priest	optional-memorial	jerome		MR2008 Calendarium Romanum Generale pp.105-116 (transcribed at https://en.wikipedia.org/wiki/General_Roman_Calendar)	absent
02-08	Saint Josephine Bakhita, Virgin	optional-memorial	josephine		MR2008 Calendarium Romanum Generale pp.105-116 (transcribed at https://en.wikipedia.org/wiki/General_Roman_Calendar)	absent
02-10	Saint Scholastica, Virgin	memorial	scholastica		MR2008 Calendarium Romanum Generale pp.105-116 (transcribed at https://en.wikipedia.org/wiki/General_Roman_Calendar)	memorial
02-11	Our Lady of Lourdes	optional-memorial	lourdes		MR2008 Calendarium Romanum Generale pp.105-116 (transcribed at https://en.wikipedia.org/wiki/General_Roman_Calendar)	om
02-14	Saints Cyril, Monk, and Methodius, Bishop	memorial	methodius		MR2008 Calendarium Romanum Generale pp.105-116 (transcribed at https://en.wikipedia.org/wiki/General_Roman_Calendar)	memorial
02-17	The Seven Holy Founders of the Servite Order	optional-memorial	servite		MR2008 Calendarium Romanum Generale pp.105-116 (transcribed at https://en.wikipedia.org/wiki/General_Roman_Calendar)	om
02-21	Saint Peter Damian, Bishop and Doctor of the Church	optional-memorial	damian		MR2008 Calendarium Romanum Generale pp.105-116 (transcribed at https://en.wikipedia.org/wiki/General_Roman_Calendar)	om
02-22	The Chair of Saint Peter the Apostle	feast	chair		MR2008 Calendarium Romanum Generale pp.105-116 (transcribed at https://en.wikipedia.org/wiki/General_Roman_Calendar)	absent
02-23	Saint Polycarp, Bishop and Martyr	memorial	polycarp		MR2008 Calendarium Romanum Generale pp.105-116 (transcribed at https://en.wikipedia.org/wiki/General_Roman_Calendar)	om
02-27	Saint Gregory of Narek, Abbot and Doctor of the Church	optional-memorial	gregory of narek		https://www.vatican.va/roman_curia/congregations/ccdds/documents/rc_con_ccdds_doc_20210125_decreto-dottori_en.html	om
03-04	Saint Casimir	optional-memorial	casimir		MR2008 Calendarium Romanum Generale pp.105-116 (transcribed at https://en.wikipedia.org/wiki/General_Roman_Calendar)	om
03-07	Saints Perpetua and Felicity, Martyrs	memorial	perpetua		MR2008 Calendarium Romanum Generale pp.105-116 (transcribed at https://en.wikipedia.org/wiki/General_Roman_Calendar)	om
03-08	Saint John of God, Religious	optional-memorial	john of god		MR2008 Calendarium Romanum Generale pp.105-116 (transcribed at https://en.wikipedia.org/wiki/General_Roman_Calendar)	absent
03-09	Saint Frances of Rome, Religious	optional-memorial	frances		MR2008 Calendarium Romanum Generale pp.105-116 (transcribed at https://en.wikipedia.org/wiki/General_Roman_Calendar)	om
03-17	Saint Patrick, Bishop	optional-memorial	patrick		MR2008 Calendarium Romanum Generale pp.105-116 (transcribed at https://en.wikipedia.org/wiki/General_Roman_Calendar)	om
03-18	Saint Cyril of Jerusalem, Bishop and Doctor of the Church	optional-memorial	cyril of jerusalem		MR2008 Calendarium Romanum Generale pp.105-116 (transcribed at https://en.wikipedia.org/wiki/General_Roman_Calendar)	om
03-19	Saint Joseph, Spouse of the Blessed Virgin Mary	solemnity	joseph		MR2008 Calendarium Romanum Generale pp.105-116 (transcribed at https://en.wikipedia.org/wiki/General_Roman_Calendar)	solemnity
03-23	Saint Turibius of Mongrovejo, Bishop	optional-memorial	turibius		MR2008 Calendarium Romanum Generale pp.105-116 (transcribed at https://en.wikipedia.org/wiki/General_Roman_Calendar)	om
03-25	The Annunciation of the Lord	solemnity	annunciation		MR2008 Calendarium Romanum Generale pp.105-116 (transcribed at https://en.wikipedia.org/wiki/General_Roman_Calendar)	solemnity
04-02	Saint Francis of Paola, Hermit	optional-memorial	paola		MR2008 Calendarium Romanum Generale pp.105-116 (transcribed at https://en.wikipedia.org/wiki/General_Roman_Calendar)	absent
04-04	Saint Isidore, Bishop and Doctor of the Church	optional-memorial	isidore		MR2008 Calendarium Romanum Generale pp.105-116 (transcribed at https://en.wikipedia.org/wiki/General_Roman_Calendar)	absent
04-05	Saint Vincent Ferrer, Priest	optional-memorial	ferrer		MR2008 Calendarium Romanum Generale pp.105-116 (transcribed at https://en.wikipedia.org/wiki/General_Roman_Calendar)	absent
04-07	Saint John Baptist de la Salle, Priest	memorial	la salle		MR2008 Calendarium Romanum Generale pp.105-116 (transcribed at https://en.wikipedia.org/wiki/General_Roman_Calendar)	absent
04-11	Saint Stanislaus, Bishop and Martyr	memorial	stanislaus		MR2008 Calendarium Romanum Generale pp.105-116 (transcribed at https://en.wikipedia.org/wiki/General_Roman_Calendar)	absent
04-13	Saint Martin I, Pope and Martyr	optional-memorial	martin i		MR2008 Calendarium Romanum Generale pp.105-116 (transcribed at https://en.wikipedia.org/wiki/General_Roman_Calendar)	om
04-21	Saint Anselm, Bishop and Doctor of the Church	optional-memorial	anselm		MR2008 Calendarium Romanum Generale pp.105-116 (transcribed at https://en.wikipedia.org/wiki/General_Roman_Calendar)	om
04-23	Saint George, Martyr	optional-memorial	george		MR2008 Calendarium Romanum Generale pp.105-116 (transcribed at https://en.wikipedia.org/wiki/General_Roman_Calendar)	om
04-23	Saint Adalbert, Bishop and Martyr	optional-memorial	adalbert		MR2008 Calendarium Romanum Generale pp.105-116 (transcribed at https://en.wikipedia.org/wiki/General_Roman_Calendar)	om
04-24	Saint Fidelis of Sigmaringen, Priest and Martyr	optional-memorial	fidelis		MR2008 Calendarium Romanum Generale pp.105-116 (transcribed at https://en.wikipedia.org/wiki/General_Roman_Calendar)	om
04-25	Saint Mark, Evangelist	feast	mark		MR2008 Calendarium Romanum Generale pp.105-116 (transcribed at https://en.wikipedia.org/wiki/General_Roman_Calendar)	feast
04-28	Saint Peter Chanel, Priest and Martyr	optional-memorial	chanel		MR2008 Calendarium Romanum Generale pp.105-116 (transcribed at https://en.wikipedia.org/wiki/General_Roman_Calendar)	om
04-28	Saint Louis Grignon de Montfort, Priest	optional-memorial	montfort		MR2008 Calendarium Romanum Generale pp.105-116 (transcribed at https://en.wikipedia.org/wiki/General_Roman_Calendar)	om
04-29	Saint Catherine of Siena, Virgin and Doctor of the Church	memorial	siena		MR2008 Calendarium Romanum Generale pp.105-116 (transcribed at https://en.wikipedia.org/wiki/General_Roman_Calendar)	memorial
04-30	Saint Pius V, Pope	optional-memorial	pius v		MR2008 Calendarium Romanum Generale pp.105-116 (transcribed at https://en.wikipedia.org/wiki/General_Roman_Calendar)	om
05-01	Saint Joseph the Worker	optional-memorial	joseph		MR2008 Calendarium Romanum Generale pp.105-116 (transcribed at https://en.wikipedia.org/wiki/General_Roman_Calendar)	om
05-02	Saint Athanasius, Bishop and Doctor of the Church	memorial	athanasius		MR2008 Calendarium Romanum Generale pp.105-116 (transcribed at https://en.wikipedia.org/wiki/General_Roman_Calendar)	memorial
05-03	Saints Philip and James, Apostles	feast	philip and james		MR2008 Calendarium Romanum Generale pp.105-116 (transcribed at https://en.wikipedia.org/wiki/General_Roman_Calendar)	absent
05-10	Saint John of Ávila, Priest and Doctor of the Church	optional-memorial	avila		MR2008 Calendarium Romanum Generale pp.105-116 (transcribed at https://en.wikipedia.org/wiki/General_Roman_Calendar)	absent
05-12	Saints Nereus and Achilleus, Martyrs	optional-memorial	nereus		MR2008 Calendarium Romanum Generale pp.105-116 (transcribed at https://en.wikipedia.org/wiki/General_Roman_Calendar)	om
05-12	Saint Pancras, Martyr	optional-memorial	pancras		MR2008 Calendarium Romanum Generale pp.105-116 (transcribed at https://en.wikipedia.org/wiki/General_Roman_Calendar)	om
05-13	Our Lady of Fatima	optional-memorial	fatima		MR2008 Calendarium Romanum Generale pp.105-116 (transcribed at https://en.wikipedia.org/wiki/General_Roman_Calendar)	om
05-14	Saint Matthias, Apostle	feast	matthias		MR2008 Calendarium Romanum Generale pp.105-116 (transcribed at https://en.wikipedia.org/wiki/General_Roman_Calendar)	solemnity
05-18	Saint John I, Pope and Martyr	optional-memorial	john i,		MR2008 Calendarium Romanum Generale pp.105-116 (transcribed at https://en.wikipedia.org/wiki/General_Roman_Calendar)	om
05-20	Saint Bernardine of Siena, Priest	optional-memorial	bernardine		MR2008 Calendarium Romanum Generale pp.105-116 (transcribed at https://en.wikipedia.org/wiki/General_Roman_Calendar)	om
05-21	Saint Christopher Magallanes, Priest, and Companions, Martyrs	optional-memorial	magallanes		MR2008 Calendarium Romanum Generale pp.105-116 (transcribed at https://en.wikipedia.org/wiki/General_Roman_Calendar)	om
05-22	Saint Rita of Cascia, Religious	optional-memorial	rita		MR2008 Calendarium Romanum Generale pp.105-116 (transcribed at https://en.wikipedia.org/wiki/General_Roman_Calendar)	om
05-25	Saint Bede the Venerable, Priest and Doctor of the Church	optional-memorial	bede		MR2008 Calendarium Romanum Generale pp.105-116 (transcribed at https://en.wikipedia.org/wiki/General_Roman_Calendar)	absent
05-25	Saint Gregory VII, Pope	optional-memorial	gregory vii		MR2008 Calendarium Romanum Generale pp.105-116 (transcribed at https://en.wikipedia.org/wiki/General_Roman_Calendar)	absent
05-25	Saint Mary Magdalene de’ Pazzi, Virgin	optional-memorial	pazzi		MR2008 Calendarium Romanum Generale pp.105-116 (transcribed at https://en.wikipedia.org/wiki/General_Roman_Calendar)	absent
05-26	Saint Philip Neri, Priest	memorial	neri		MR2008 Calendarium Romanum Generale pp.105-116 (transcribed at https://en.wikipedia.org/wiki/General_Roman_Calendar)	memorial
05-27	Saint Augustine of Canterbury, Bishop	optional-memorial	canterbury		MR2008 Calendarium Romanum Generale pp.105-116 (transcribed at https://en.wikipedia.org/wiki/General_Roman_Calendar)	om
05-29	Saint Paul VI, Pope	optional-memorial	paul vi		https://www.vatican.va/roman_curia/congregations/ccdds/documents/rc_con_ccdds_doc_20190125_decreto-celebrazione-paolovi_en.html	om
05-31	The Visitation of the Blessed Virgin Mary	feast	visitation		MR2008 Calendarium Romanum Generale pp.105-116 (transcribed at https://en.wikipedia.org/wiki/General_Roman_Calendar)	absent
Monday after Pentecost	Blessed Virgin Mary, Mother of the Church	memorial	mother of the church		https://www.vatican.va/roman_curia/congregations/ccdds/documents/rc_con_ccdds_doc_20180211_decreto-mater-ecclesiae_en.html	
First Sunday after Pentecost	The Most Holy Trinity	solemnity	trinity	tempore.solemnity.most-holy-trinity	MR2008 Calendarium Romanum Generale pp.105-116 (transcribed at https://en.wikipedia.org/wiki/General_Roman_Calendar)	
Thursday after Holy Trinity	The Most Holy Body and Blood of Christ	solemnity	body and blood	tempore.solemnity.corpus-christi	MR2008 Calendarium Romanum Generale pp.105-116 (transcribed at https://en.wikipedia.org/wiki/General_Roman_Calendar)	
06-01	Saint Justin, Martyr	memorial	justin		MR2008 Calendarium Romanum Generale pp.105-116 (transcribed at https://en.wikipedia.org/wiki/General_Roman_Calendar)	memorial
06-02	Saints Marcellinus and Peter, Martyrs	optional-memorial	marcellinus		MR2008 Calendarium Romanum Generale pp.105-116 (transcribed at https://en.wikipedia.org/wiki/General_Roman_Calendar)	om
06-03	Saints Charles Lwanga and Companions, Martyrs	memorial	lwanga		MR2008 Calendarium Romanum Generale pp.105-116 (transcribed at https://en.wikipedia.org/wiki/General_Roman_Calendar)	memorial
06-05	Saint Boniface, Bishop and Martyr	memorial	boniface		MR2008 Calendarium Romanum Generale pp.105-116 (transcribed at https://en.wikipedia.org/wiki/General_Roman_Calendar)	memorial
06-06	Saint Norbert, Bishop	optional-memorial	norbert		MR2008 Calendarium Romanum Generale pp.105-116 (transcribed at https://en.wikipedia.org/wiki/General_Roman_Calendar)	om
06-09	Saint Ephrem, Deacon and Doctor of the Church	optional-memorial	ephrem		MR2008 Calendarium Romanum Generale pp.105-116 (transcribed at https://en.wikipedia.org/wiki/General_Roman_Calendar)	om
06-11	Saint Barnabas, Apostle	memorial	barnabas		MR2008 Calendarium Romanum Generale pp.105-116 (transcribed at https://en.wikipedia.org/wiki/General_Roman_Calendar)	memorial
06-13	Saint Anthony of Padua, Priest and Doctor of the Church	memorial	padua		MR2008 Calendarium Romanum Generale pp.105-116 (transcribed at https://en.wikipedia.org/wiki/General_Roman_Calendar)	om
06-19	Saint Romuald, Abbot	optional-memorial	romuald		MR2008 Calendarium Romanum Generale pp.105-116 (transcribed at https://en.wikipedia.org/wiki/General_Roman_Calendar)	om
06-21	Saint Aloysius Gonzaga, Religious	memorial	gonzaga		MR2008 Calendarium Romanum Generale pp.105-116 (transcribed at https://en.wikipedia.org/wiki/General_Roman_Calendar)	absent
06-22	Saint Paulinus of Nola, Bishop	optional-memorial	paulinus		MR2008 Calendarium Romanum Generale pp.105-116 (transcribed at https://en.wikipedia.org/wiki/General_Roman_Calendar)	om
06-22	Saints John Fisher, Bishop, and Thomas More, Martyrs	optional-memorial	fisher		MR2008 Calendarium Romanum Generale pp.105-116 (transcribed at https://en.wikipedia.org/wiki/General_Roman_Calendar)	om
06-24	The Nativity of Saint John the Baptist	solemnity	nativity of saint john		MR2008 Calendarium Romanum Generale pp.105-116 (transcribed at https://en.wikipedia.org/wiki/General_Roman_Calendar)	solemnity
06-27	Saint Cyril of Alexandria, Bishop and Doctor of the Church	optional-memorial	cyril of alexandria		MR2008 Calendarium Romanum Generale pp.105-116 (transcribed at https://en.wikipedia.org/wiki/General_Roman_Calendar)	om
06-28	Saint Irenaeus, Bishop, Martyr and Doctor of the Church	memorial	irenaeus		https://press.vatican.va/content/salastampa/en/bollettino/pubblico/2022/01/21/220121b.html (Doctor title only; rank unchanged)	absent
06-29	Saints Peter and Paul, Apostles	solemnity	peter and paul		MR2008 Calendarium Romanum Generale pp.105-116 (transcribed at https://en.wikipedia.org/wiki/General_Roman_Calendar)	solemnity
06-30	The First Martyrs of Holy Roman Church	optional-memorial	first martyrs		MR2008 Calendarium Romanum Generale pp.105-116 (transcribed at https://en.wikipedia.org/wiki/General_Roman_Calendar)	om
Friday after the Second Sunday after Pentecost	The Most Sacred Heart of Jesus	solemnity	sacred heart	tempore.solemnity.sacred-heart-of-jesus	MR2008 Calendarium Romanum Generale pp.105-116 (transcribed at https://en.wikipedia.org/wiki/General_Roman_Calendar)	
Saturday after the Second Sunday after Pentecost	The Immaculate Heart of the Blessed Virgin Mary	memorial	immaculate heart		https://www.vatican.va/content/dam/wss/roman_curia/congregations/ccdds/documents/rc_con_ccdds_doc_20000630_memoria-immaculati-cordis-mariae-virginis_lt.html	
07-03	Saint Thomas, Apostle	feast	thomas		MR2008 Calendarium Romanum Generale pp.105-116 (transcribed at https://en.wikipedia.org/wiki/General_Roman_Calendar)	feast
07-04	Saint Elizabeth of Portugal	optional-memorial	portugal		MR2008 Calendarium Romanum Generale pp.105-116 (transcribed at https://en.wikipedia.org/wiki/General_Roman_Calendar)	absent
07-05	Saint Anthony Zaccaria, Priest	optional-memorial	zaccaria		MR2008 Calendarium Romanum Generale pp.105-116 (transcribed at https://en.wikipedia.org/wiki/General_Roman_Calendar)	absent
07-06	Saint Maria Goretti, Virgin and Martyr	optional-memorial	maria		MR2008 Calendarium Romanum Generale pp.105-116 (transcribed at https://en.wikipedia.org/wiki/General_Roman_Calendar)	om
07-09	Saint Augustine Zhao Rong, Priest, and Companions, Martyrs	optional-memorial	zhao		MR2008 Calendarium Romanum Generale pp.105-116 (transcribed at https://en.wikipedia.org/wiki/General_Roman_Calendar)	om
07-11	Saint Benedict, Abbot	memorial	benedict		MR2008 Calendarium Romanum Generale pp.105-116 (transcribed at https://en.wikipedia.org/wiki/General_Roman_Calendar)	memorial
07-13	Saint Henry	optional-memorial	henry		MR2008 Calendarium Romanum Generale pp.105-116 (transcribed at https://en.wikipedia.org/wiki/General_Roman_Calendar)	om
07-14	Saint Camillus de Lellis, Priest	optional-memorial	camillus		MR2008 Calendarium Romanum Generale pp.105-116 (transcribed at https://en.wikipedia.org/wiki/General_Roman_Calendar)	absent
07-15	Saint Bonaventure, Bishop and Doctor of the Church	memorial	bonaventure		MR2008 Calendarium Romanum Generale pp.105-116 (transcribed at https://en.wikipedia.org/wiki/General_Roman_Calendar)	memorial
07-16	Our Lady of Mount Carmel	optional-memorial	carmel		MR2008 Calendarium Romanum Generale pp.105-116 (transcribed at https://en.wikipedia.org/wiki/General_Roman_Calendar)	om
07-20	Saint Apollinaris, Bishop and Martyr	optional-memorial	apollinaris		MR2008 Calendarium Romanum Generale pp.105-116 (transcribed at https://en.wikipedia.org/wiki/General_Roman_Calendar)	om
07-21	Saint Lawrence of Brindisi, Priest and Doctor of the Church	optional-memorial	brindisi		MR2008 Calendarium Romanum Generale pp.105-116 (transcribed at https://en.wikipedia.org/wiki/General_Roman_Calendar)	om
07-22	Saint Mary Magdalene	feast	mary magdalene		https://www.vatican.va/roman_curia/congregations/ccdds/documents/sanctae-m-magdalenae-decretum_en.pdf	feast
07-23	Saint Bridget, Religious	optional-memorial	bridget		MR2008 Calendarium Romanum Generale pp.105-116 (transcribed at https://en.wikipedia.org/wiki/General_Roman_Calendar)	om
07-24	Saint Sharbel Makhluf, Priest	optional-memorial	makhluf		MR2008 Calendarium Romanum Generale pp.105-116 (transcribed at https://en.wikipedia.org/wiki/General_Roman_Calendar)	om
07-25	Saint James, Apostle	feast	james		MR2008 Calendarium Romanum Generale pp.105-116 (transcribed at https://en.wikipedia.org/wiki/General_Roman_Calendar)	feast
07-26	Saints Joachim and Anne, Parents of the Blessed Virgin Mary	memorial	joachim		MR2008 Calendarium Romanum Generale pp.105-116 (transcribed at https://en.wikipedia.org/wiki/General_Roman_Calendar)	absent
07-29	Saints Martha, Mary and Lazarus	memorial	martha		https://www.vatican.va/roman_curia/congregations/ccdds/documents/rc_con_ccdds_doc_20210126_decreto-santi_en.html	memorial
07-30	Saint Peter Chrysologus, Bishop and Doctor of the Church	optional-memorial	chrysologus		MR2008 Calendarium Romanum Generale pp.105-116 (transcribed at https://en.wikipedia.org/wiki/General_Roman_Calendar)	om
07-31	Saint Ignatius of Loyola, Priest	memorial	loyola		MR2008 Calendarium Romanum Generale pp.105-116 (transcribed at https://en.wikipedia.org/wiki/General_Roman_Calendar)	memorial
08-01	Saint Alphonsus Liguori, Bishop and Doctor of the Church	memorial	alphonsus		MR2008 Calendarium Romanum Generale pp.105-116 (transcribed at https://en.wikipedia.org/wiki/General_Roman_Calendar)	memorial
08-02	Saint Eusebius of Vercelli, Bishop	optional-memorial	eusebius		MR2008 Calendarium Romanum Generale pp.105-116 (transcribed at https://en.wikipedia.org/wiki/General_Roman_Calendar)	absent
08-02	Saint Peter Julian Eymard, Priest	optional-memorial	eymard		MR2008 Calendarium Romanum Generale pp.105-116 (transcribed at https://en.wikipedia.org/wiki/General_Roman_Calendar)	absent
08-04	Saint Jean Vianney, Priest	memorial	vianney		MR2008 Calendarium Romanum Generale pp.105-116 (transcribed at https://en.wikipedia.org/wiki/General_Roman_Calendar)	memorial
08-05	The Dedication of the Basilica of Saint Mary Major	optional-memorial	mary major		MR2008 Calendarium Romanum Generale pp.105-116 (transcribed at https://en.wikipedia.org/wiki/General_Roman_Calendar)	om
08-06	The Transfiguration of the Lord	feast	transfiguration		MR2008 Calendarium Romanum Generale pp.105-116 (transcribed at https://en.wikipedia.org/wiki/General_Roman_Calendar)	feast
08-07	Saint Sixtus II, Pope, and Companions, Martyrs	optional-memorial	sixtus		MR2008 Calendarium Romanum Generale pp.105-116 (transcribed at https://en.wikipedia.org/wiki/General_Roman_Calendar)	om
08-07	Saint Cajetan, Priest	optional-memorial	cajetan		MR2008 Calendarium Romanum Generale pp.105-116 (transcribed at https://en.wikipedia.org/wiki/General_Roman_Calendar)	om
08-08	Saint Dominic, Priest	memorial	dominic		MR2008 Calendarium Romanum Generale pp.105-116 (transcribed at https://en.wikipedia.org/wiki/General_Roman_Calendar)	memorial
08-09	Saint Teresa Benedicta of the Cross, Virgin and Martyr	optional-memorial	benedicta		MR2008 Calendarium Romanum Generale pp.105-116 (transcribed at https://en.wikipedia.org/wiki/General_Roman_Calendar)	absent
08-10	Saint Lawrence, Deacon and Martyr	feast	lawrence		MR2008 Calendarium Romanum Generale pp.105-116 (transcribed at https://en.wikipedia.org/wiki/General_Roman_Calendar)	feast
08-11	Saint Clare, Virgin	memorial	clare		MR2008 Calendarium Romanum Generale pp.105-116 (transcribed at https://en.wikipedia.org/wiki/General_Roman_Calendar)	memorial
08-12	Saint Jane Frances de Chantal, Religious	optional-memorial	chantal		MR2008 Calendarium Romanum Generale pp.105-116 (transcribed at https://en.wikipedia.org/wiki/General_Roman_Calendar)	om
08-13	Saints Pontian, Pope, and Hippolytus, Priest, Martyrs	optional-memorial	pontian		MR2008 Calendarium Romanum Generale pp.105-116 (transcribed at https://en.wikipedia.org/wiki/General_Roman_Calendar)	om
08-14	Saint Maximilian Kolbe, Priest and Martyr	memorial	kolbe		MR2008 Calendarium Romanum Generale pp.105-116 (transcribed at https://en.wikipedia.org/wiki/General_Roman_Calendar)	memorial
08-15	The Assumption of the Blessed Virgin Mary	solemnity	assumption		MR2008 Calendarium Romanum Generale pp.105-116 (transcribed at https://en.wikipedia.org/wiki/General_Roman_Calendar)	solemnity
08-16	Saint Stephen of Hungary	optional-memorial	hungary		MR2008 Calendarium Romanum Generale pp.105-116 (transcribed at https://en.wikipedia.org/wiki/General_Roman_Calendar)	absent
08-19	Saint John Eudes, Priest	optional-memorial	eudes		MR2008 Calendarium Romanum Generale pp.105-116 (transcribed at https://en.wikipedia.org/wiki/General_Roman_Calendar)	om
08-20	Saint Bernard, Abbot and Doctor of the Church	memorial	bernard		MR2008 Calendarium Romanum Generale pp.105-116 (transcribed at https://en.wikipedia.org/wiki/General_Roman_Calendar)	memorial
08-21	Saint Pius X, Pope	memorial	pius x		MR2008 Calendarium Romanum Generale pp.105-116 (transcribed at https://en.wikipedia.org/wiki/General_Roman_Calendar)	memorial
08-22	The Queenship of the Blessed Virgin Mary	memorial	queenship		MR2008 Calendarium Romanum Generale pp.105-116 (transcribed at https://en.wikipedia.org/wiki/General_Roman_Calendar)	memorial
08-23	Saint Rose of Lima, Virgin	optional-memorial	rose		MR2008 Calendarium Romanum Generale pp.105-116 (transcribed at https://en.wikipedia.org/wiki/General_Roman_Calendar)	absent
08-24	Saint Bartholomew, Apostle	feast	bartholomew		MR2008 Calendarium Romanum Generale pp.105-116 (transcribed at https://en.wikipedia.org/wiki/General_Roman_Calendar)	feast
08-25	Saint Louis	optional-memorial	louis		MR2008 Calendarium Romanum Generale pp.105-116 (transcribed at https://en.wikipedia.org/wiki/General_Roman_Calendar)	om
08-25	Saint Joseph Calasanz, Priest	optional-memorial	calasanz		MR2008 Calendarium Romanum Generale pp.105-116 (transcribed at https://en.wikipedia.org/wiki/General_Roman_Calendar)	om
08-27	Saint Monica	memorial	monica		MR2008 Calendarium Romanum Generale pp.105-116 (transcribed at https://en.wikipedia.org/wiki/General_Roman_Calendar)	memorial
08-28	Saint Augustine of Hippo, Bishop and Doctor of the Church	memorial	augustine		MR2008 Calendarium Romanum Generale pp.105-116 (transcribed at https://en.wikipedia.org/wiki/General_Roman_Calendar)	memorial
08-29	The Passion of Saint John the Baptist, Martyr	memorial	john the baptist		MR2008 Calendarium Romanum Generale pp.105-116 (transcribed at https://en.wikipedia.org/wiki/General_Roman_Calendar)	memorial
09-03	Saint Gregory the Great, Pope and Doctor of the Church	memorial	gregory the great		MR2008 Calendarium Romanum Generale pp.105-116 (transcribed at https://en.wikipedia.org/wiki/General_Roman_Calendar)	memorial
09-05	Saint Teresa of Calcutta, Virgin	optional-memorial	teresa of calcutta		https://press.vatican.va/content/salastampa/it/bollettino/pubblico/2025/02/11/0125/00250.html	om
09-08	The Nativity of the Blessed Virgin Mary	feast	nativity of the blessed		MR2008 Calendarium Romanum Generale pp.105-116 (transcribed at https://en.wikipedia.org/wiki/General_Roman_Calendar)	feast
09-09	Saint Peter Claver, Priest	optional-memorial	claver		MR2008 Calendarium Romanum Generale pp.105-116 (transcribed at https://en.wikipedia.org/wiki/General_Roman_Calendar)	memorial
09-12	The Most Holy Name of Mary	optional-memorial	name of mary		MR2008 Calendarium Romanum Generale pp.105-116 (transcribed at https://en.wikipedia.org/wiki/General_Roman_Calendar)	om
09-13	Saint John Chrysostom, Bishop and Doctor of the Church	memorial	chrysostom		MR2008 Calendarium Romanum Generale pp.105-116 (transcribed at https://en.wikipedia.org/wiki/General_Roman_Calendar)	absent
09-14	The Exaltation of the Holy Cross	feast	cross		MR2008 Calendarium Romanum Generale pp.105-116 (transcribed at https://en.wikipedia.org/wiki/General_Roman_Calendar)	feast
09-15	Our Lady of Sorrows	memorial	sorrows		MR2008 Calendarium Romanum Generale pp.105-116 (transcribed at https://en.wikipedia.org/wiki/General_Roman_Calendar)	memorial
09-16	Saints Cornelius, Pope, and Cyprian, Bishop, Martyrs	memorial	cornelius		MR2008 Calendarium Romanum Generale pp.105-116 (transcribed at https://en.wikipedia.org/wiki/General_Roman_Calendar)	memorial
09-17	Saint Robert Bellarmine, Bishop and Doctor of the Church	optional-memorial	bellarmine		MR2008 Calendarium Romanum Generale pp.105-116 (transcribed at https://en.wikipedia.org/wiki/General_Roman_Calendar)	om
09-17	Saint Hildegard of Bingen, Virgin and Doctor of the Church	optional-memorial	hildegard		https://www.vatican.va/roman_curia/congregations/ccdds/documents/rc_con_ccdds_doc_20210125_decreto-dottori_en.html	om
09-19	Saint Januarius, Bishop and Martyr	optional-memorial	januarius		MR2008 Calendarium Romanum Generale pp.105-116 (transcribed at https://en.wikipedia.org/wiki/General_Roman_Calendar)	om
09-20	Saints Andrew Kim Tae-gon, Priest, Paul Chong Ha-sang, and Companions, Martyrs	memorial	andrew kim		MR2008 Calendarium Romanum Generale pp.105-116 (transcribed at https://en.wikipedia.org/wiki/General_Roman_Calendar)	absent
09-21	Saint Matthew, Apostle and Evangelist	feast	matthew		MR2008 Calendarium Romanum Generale pp.105-116 (transcribed at https://en.wikipedia.org/wiki/General_Roman_Calendar)	feast
09-23	Saint Pius of Pietrelcina, Priest	memorial	pietrelcina		MR2008 Calendarium Romanum Generale pp.105-116 (transcribed at https://en.wikipedia.org/wiki/General_Roman_Calendar)	memorial
09-26	Saints Cosmas and Damian, Martyrs	optional-memorial	cosmas		MR2008 Calendarium Romanum Generale pp.105-116 (transcribed at https://en.wikipedia.org/wiki/General_Roman_Calendar)	om
09-27	Saint Vincent de Paul, Priest	memorial	vincent de paul		MR2008 Calendarium Romanum Generale pp.105-116 (transcribed at https://en.wikipedia.org/wiki/General_Roman_Calendar)	absent
09-28	Saint Wenceslaus, Martyr	optional-memorial	wenceslaus		MR2008 Calendarium Romanum Generale pp.105-116 (transcribed at https://en.wikipedia.org/wiki/General_Roman_Calendar)	om
09-28	Saint Lawrence Ruiz and Companions, Martyrs	optional-memorial	ruiz		MR2008 Calendarium Romanum Generale pp.105-116 (transcribed at https://en.wikipedia.org/wiki/General_Roman_Calendar)	om
09-29	Saints Michael, Gabriel and Raphael, Archangels	feast	michael		MR2008 Calendarium Romanum Generale pp.105-116 (transcribed at https://en.wikipedia.org/wiki/General_Roman_Calendar)	feast
09-30	Saint Jerome, Priest and Doctor of the Church	memorial	jerome		MR2008 Calendarium Romanum Generale pp.105-116 (transcribed at https://en.wikipedia.org/wiki/General_Roman_Calendar)	memorial
10-01	Saint Thérèse of the Child Jesus, Virgin and Doctor of the Church	memorial	child jesus		MR2008 Calendarium Romanum Generale pp.105-116 (transcribed at https://en.wikipedia.org/wiki/General_Roman_Calendar)	memorial
10-02	The Holy Guardian Angels	memorial	guardian angels		MR2008 Calendarium Romanum Generale pp.105-116 (transcribed at https://en.wikipedia.org/wiki/General_Roman_Calendar)	memorial
10-04	Saint Francis of Assisi	memorial	assisi		MR2008 Calendarium Romanum Generale pp.105-116 (transcribed at https://en.wikipedia.org/wiki/General_Roman_Calendar)	absent
10-05	Saint Faustina Kowalska, Virgin	optional-memorial	faustina		https://www.vatican.va/roman_curia/congregations/ccdds/documents/rc_con_ccdds_doc_20200518_decreto-celebrazione-santafaustina_en.html	om
10-06	Saint Bruno, Priest	optional-memorial	bruno		MR2008 Calendarium Romanum Generale pp.105-116 (transcribed at https://en.wikipedia.org/wiki/General_Roman_Calendar)	om
10-07	Our Lady of the Rosary	memorial	rosary		MR2008 Calendarium Romanum Generale pp.105-116 (transcribed at https://en.wikipedia.org/wiki/General_Roman_Calendar)	memorial
10-09	Saint Denis, Bishop, and Companions, Martyrs	optional-memorial	denis		MR2008 Calendarium Romanum Generale pp.105-116 (transcribed at https://en.wikipedia.org/wiki/General_Roman_Calendar)	om
10-09	Saint John Leonardi, Priest	optional-memorial	leonardi		MR2008 Calendarium Romanum Generale pp.105-116 (transcribed at https://en.wikipedia.org/wiki/General_Roman_Calendar)	om
10-09	Saint John Henry Newman, Priest and Doctor of the Church	optional-memorial	newman		https://www.vatican.va/content/romancuria/en/dicasteri/dicastero-culto-divino-e-disciplina-sacramenti/documenti/20251109-decreto-iscrizione-newman.html (decree 9 Nov 2025, published with Latin collect at https://press.vatican.va/content/salastampa/it/bollettino/pubblico/2026/02/03/0095/00182.html)	om
10-11	Saint John XXIII, Pope	optional-memorial	john xxiii		https://www.vatican.va/roman_curia/congregations/ccdds/documents/rc_con_ccdds_doc_20140529_decreto-calendario-generale-gxxiii-gpii_en.html	absent
10-14	Saint Callistus I, Pope and Martyr	optional-memorial	callistus		MR2008 Calendarium Romanum Generale pp.105-116 (transcribed at https://en.wikipedia.org/wiki/General_Roman_Calendar)	om
10-15	Saint Teresa of Jesus, Virgin and Doctor of the Church	memorial	teresa of jesus		MR2008 Calendarium Romanum Generale pp.105-116 (transcribed at https://en.wikipedia.org/wiki/General_Roman_Calendar)	memorial
10-16	Saint Hedwig, Religious	optional-memorial	hedwig		MR2008 Calendarium Romanum Generale pp.105-116 (transcribed at https://en.wikipedia.org/wiki/General_Roman_Calendar)	om
10-16	Saint Margaret Mary Alacoque, Virgin	optional-memorial	alacoque		MR2008 Calendarium Romanum Generale pp.105-116 (transcribed at https://en.wikipedia.org/wiki/General_Roman_Calendar)	om
10-17	Saint Ignatius of Antioch, Bishop and Martyr	memorial	antioch		MR2008 Calendarium Romanum Generale pp.105-116 (transcribed at https://en.wikipedia.org/wiki/General_Roman_Calendar)	memorial
10-18	Saint Luke, Evangelist	feast	luke		MR2008 Calendarium Romanum Generale pp.105-116 (transcribed at https://en.wikipedia.org/wiki/General_Roman_Calendar)	absent
10-19	Saints John de Brébeuf, Isaac Jogues, Priests, and Companions, Martyrs	optional-memorial	brebeuf		MR2008 Calendarium Romanum Generale pp.105-116 (transcribed at https://en.wikipedia.org/wiki/General_Roman_Calendar)	memorial
10-19	Saint Paul of the Cross, Priest	optional-memorial	paul of the cross		MR2008 Calendarium Romanum Generale pp.105-116 (transcribed at https://en.wikipedia.org/wiki/General_Roman_Calendar)	absent
10-22	Saint John Paul II, Pope	optional-memorial	john paul ii		https://www.vatican.va/roman_curia/congregations/ccdds/documents/rc_con_ccdds_doc_20140529_decreto-calendario-generale-gxxiii-gpii_en.html	om
10-23	Saint John of Capistrano, Priest	optional-memorial	capistrano		MR2008 Calendarium Romanum Generale pp.105-116 (transcribed at https://en.wikipedia.org/wiki/General_Roman_Calendar)	om
10-24	Saint Anthony Mary Claret, Bishop	optional-memorial	claret		MR2008 Calendarium Romanum Generale pp.105-116 (transcribed at https://en.wikipedia.org/wiki/General_Roman_Calendar)	om
10-28	Saints Simon and Jude, Apostles	feast	simon		MR2008 Calendarium Romanum Generale pp.105-116 (transcribed at https://en.wikipedia.org/wiki/General_Roman_Calendar)	feast
11-01	All Saints	solemnity	all saints		MR2008 Calendarium Romanum Generale pp.105-116 (transcribed at https://en.wikipedia.org/wiki/General_Roman_Calendar)	solemnity
11-02	The Commemoration of All the Faithful Departed	solemnity	faithful departed		MR2008 Calendarium Romanum Generale pp.105-116 (transcribed at https://en.wikipedia.org/wiki/General_Roman_Calendar)	?
11-03	Saint Martin de Porres, Religious	optional-memorial	porres		MR2008 Calendarium Romanum Generale pp.105-116 (transcribed at https://en.wikipedia.org/wiki/General_Roman_Calendar)	om
11-04	Saint Charles Borromeo, Bishop	memorial	borromeo		MR2008 Calendarium Romanum Generale pp.105-116 (transcribed at https://en.wikipedia.org/wiki/General_Roman_Calendar)	memorial
11-09	The Dedication of the Lateran Basilica	feast	lateran		MR2008 Calendarium Romanum Generale pp.105-116 (transcribed at https://en.wikipedia.org/wiki/General_Roman_Calendar)	feast
11-10	Saint Leo the Great, Pope and Doctor of the Church	memorial	leo		MR2008 Calendarium Romanum Generale pp.105-116 (transcribed at https://en.wikipedia.org/wiki/General_Roman_Calendar)	memorial
11-11	Saint Martin of Tours, Bishop	memorial	martin of tours		MR2008 Calendarium Romanum Generale pp.105-116 (transcribed at https://en.wikipedia.org/wiki/General_Roman_Calendar)	memorial
11-12	Saint Josaphat, Bishop and Martyr	memorial	josaphat		MR2008 Calendarium Romanum Generale pp.105-116 (transcribed at https://en.wikipedia.org/wiki/General_Roman_Calendar)	memorial
11-15	Saint Albert the Great, Bishop and Doctor of the Church	optional-memorial	albert		MR2008 Calendarium Romanum Generale pp.105-116 (transcribed at https://en.wikipedia.org/wiki/General_Roman_Calendar)	absent
11-16	Saint Margaret of Scotland	optional-memorial	margaret of scotland		MR2008 Calendarium Romanum Generale pp.105-116 (transcribed at https://en.wikipedia.org/wiki/General_Roman_Calendar)	om
11-16	Saint Gertrude, Virgin	optional-memorial	gertrude		MR2008 Calendarium Romanum Generale pp.105-116 (transcribed at https://en.wikipedia.org/wiki/General_Roman_Calendar)	om
11-17	Saint Elizabeth of Hungary, Religious	memorial	elizabeth of hungary		MR2008 Calendarium Romanum Generale pp.105-116 (transcribed at https://en.wikipedia.org/wiki/General_Roman_Calendar)	memorial
11-18	The Dedication of the Basilicas of Saints Peter and Paul, Apostles	optional-memorial	basilicas		MR2008 Calendarium Romanum Generale pp.105-116 (transcribed at https://en.wikipedia.org/wiki/General_Roman_Calendar)	om
11-21	The Presentation of the Blessed Virgin Mary	memorial	presentation of the blessed		MR2008 Calendarium Romanum Generale pp.105-116 (transcribed at https://en.wikipedia.org/wiki/General_Roman_Calendar)	memorial
11-22	Saint Cecilia, Virgin and Martyr	memorial	cecilia		MR2008 Calendarium Romanum Generale pp.105-116 (transcribed at https://en.wikipedia.org/wiki/General_Roman_Calendar)	absent
11-23	Saint Clement I, Pope and Martyr	optional-memorial	clement		MR2008 Calendarium Romanum Generale pp.105-116 (transcribed at https://en.wikipedia.org/wiki/General_Roman_Calendar)	om
11-23	Saint Columban, Abbot	optional-memorial	columban		MR2008 Calendarium Romanum Generale pp.105-116 (transcribed at https://en.wikipedia.org/wiki/General_Roman_Calendar)	om
11-24	Saints Andrew Dung-Lac, Priest, and Companions, Martyrs	memorial	dung		MR2008 Calendarium Romanum Generale pp.105-116 (transcribed at https://en.wikipedia.org/wiki/General_Roman_Calendar)	memorial
11-25	Saint Catherine of Alexandria, Virgin and Martyr	optional-memorial	alexandria		MR2008 Calendarium Romanum Generale pp.105-116 (transcribed at https://en.wikipedia.org/wiki/General_Roman_Calendar)	om
11-30	Saint Andrew, Apostle	feast	andrew		MR2008 Calendarium Romanum Generale pp.105-116 (transcribed at https://en.wikipedia.org/wiki/General_Roman_Calendar)	feast
Last Sunday in Ordinary Time	Our Lord Jesus Christ, King of the Universe	solemnity	king	tempore.solemnity.christ-the-king	MR2008 Calendarium Romanum Generale pp.105-116 (transcribed at https://en.wikipedia.org/wiki/General_Roman_Calendar)	
12-03	Saint Francis Xavier, Priest	memorial	xavier		MR2008 Calendarium Romanum Generale pp.105-116 (transcribed at https://en.wikipedia.org/wiki/General_Roman_Calendar)	memorial
12-04	Saint John Damascene, Priest and Doctor of the Church	optional-memorial	damascene		MR2008 Calendarium Romanum Generale pp.105-116 (transcribed at https://en.wikipedia.org/wiki/General_Roman_Calendar)	om
12-06	Saint Nicholas, Bishop	optional-memorial	nicholas		MR2008 Calendarium Romanum Generale pp.105-116 (transcribed at https://en.wikipedia.org/wiki/General_Roman_Calendar)	om
12-07	Saint Ambrose, Bishop and Doctor of the Church	memorial	ambrose		MR2008 Calendarium Romanum Generale pp.105-116 (transcribed at https://en.wikipedia.org/wiki/General_Roman_Calendar)	memorial
12-08	The Immaculate Conception of the Blessed Virgin Mary	solemnity	immaculate conception		MR2008 Calendarium Romanum Generale pp.105-116 (transcribed at https://en.wikipedia.org/wiki/General_Roman_Calendar)	solemnity
12-09	Saint Juan Diego Cuauhtlatoatzin	optional-memorial	juan diego		MR2008 Calendarium Romanum Generale pp.105-116 (transcribed at https://en.wikipedia.org/wiki/General_Roman_Calendar)	om
12-10	Our Lady of Loreto	optional-memorial	loreto		https://press.vatican.va/content/salastampa/it/bollettino/pubblico/2019/10/31/0834/01731.html	om
12-11	Saint Damasus I, Pope	optional-memorial	damasus		MR2008 Calendarium Romanum Generale pp.105-116 (transcribed at https://en.wikipedia.org/wiki/General_Roman_Calendar)	om
12-12	Our Lady of Guadalupe	optional-memorial	guadalupe		MR2008 Calendarium Romanum Generale pp.105-116 (transcribed at https://en.wikipedia.org/wiki/General_Roman_Calendar)	feast
12-13	Saint Lucy, Virgin and Martyr	memorial	lucy		MR2008 Calendarium Romanum Generale pp.105-116 (transcribed at https://en.wikipedia.org/wiki/General_Roman_Calendar)	memorial
12-14	Saint John of the Cross, Priest and Doctor of the Church	memorial	john of the cross		MR2008 Calendarium Romanum Generale pp.105-116 (transcribed at https://en.wikipedia.org/wiki/General_Roman_Calendar)	memorial
12-21	Saint Peter Canisius, Priest and Doctor of the Church	optional-memorial	canisius		MR2008 Calendarium Romanum Generale pp.105-116 (transcribed at https://en.wikipedia.org/wiki/General_Roman_Calendar)	om
12-23	Saint John of Kanty, Priest	optional-memorial	kanty		MR2008 Calendarium Romanum Generale pp.105-116 (transcribed at https://en.wikipedia.org/wiki/General_Roman_Calendar)	om
12-25	Nativity of the Lord	solemnity	nativity of the lord	tempore.christmas.nativity-day	MR2008 Calendarium Romanum Generale pp.105-116 (transcribed at https://en.wikipedia.org/wiki/General_Roman_Calendar)	solemnity
12-26	Saint Stephen, the First Martyr	feast	stephen		MR2008 Calendarium Romanum Generale pp.105-116 (transcribed at https://en.wikipedia.org/wiki/General_Roman_Calendar)	feast
12-27	Saint John, Apostle and Evangelist	feast	john, apostle		MR2008 Calendarium Romanum Generale pp.105-116 (transcribed at https://en.wikipedia.org/wiki/General_Roman_Calendar)	feast
12-28	The Holy Innocents, Martyrs	feast	innocents		MR2008 Calendarium Romanum Generale pp.105-116 (transcribed at https://en.wikipedia.org/wiki/General_Roman_Calendar)	feast
12-29	Saint Thomas Becket, Bishop and Martyr	optional-memorial	becket		MR2008 Calendarium Romanum Generale pp.105-116 (transcribed at https://en.wikipedia.org/wiki/General_Roman_Calendar)	om
12-31	Saint Sylvester I, Pope	optional-memorial	sylvester		MR2008 Calendarium Romanum Generale pp.105-116 (transcribed at https://en.wikipedia.org/wiki/General_Roman_Calendar)	om
Sunday within the Octave of Christmas, or, if there is no such Sunday, 30 December	The Holy Family of Jesus, Mary and Joseph	feast	holy family	tempore.christmas.holy-family	MR2008 Calendarium Romanum Generale pp.105-116 (transcribed at https://en.wikipedia.org/wiki/General_Roman_Calendar)	
